Id,OrderId,ItemId
aae2ec4a-da5e-4fc2-9c50-9a01a6b60318,3849b15f-27fa-48b3-bbd8-b7dd8a365a97,08ba71d2-8c6e-43d7-a71c-ff7b56f09552
d7c21311-a71c-4f76-a0d5-33c88e447b2a,e4162136-59fc-4e40-bece-d887b25531e9,a6749900-2fbf-4ece-9529-ca8f2447d6bd
d6cac23b-af6f-428c-9992-52fdaba1172f,2d37e009-66e3-4c67-8bd1-f36f35ad788c,fe54dae6-e865-4d48-a118-4add4043f9c0
c5f06727-2fd0-492c-8e3d-d56c789149d1,3e21a2b8-086f-42a4-8310-04f5f15b075b,2fffc586-009d-4aea-9977-611e878658fb
be8c850c-1a71-477d-8e16-6a648eb01c44,b80aaed7-4c7f-41fc-b308-37d923e53b82,2fffc586-009d-4aea-9977-611e878658fb
9811aee6-d861-4836-a6de-efee11f52db3,ef7d02e8-3ed1-49d7-8f6d-7585fd1a6718,3e62137e-e6a2-455b-bafb-ae0fc2d8ba2d
c7291aa0-6732-4c3c-9ec4-1da26a2b9814,2b513e9d-fe47-4647-9ec2-cb4b8203818a,0660dad9-07e8-4e2a-832b-44983aae9192
add9b572-9c49-4c7c-bef1-a0c2f5e05c69,2b513e9d-fe47-4647-9ec2-cb4b8203818a,aae0925c-2a3b-457f-8c22-0cbadf4010fb
85e11dee-ff55-429b-a47f-dbceb45826b5,2d37e009-66e3-4c67-8bd1-f36f35ad788c,8a4f8932-4f93-480c-a417-e847936e98fe
ac1028f1-cada-4da4-8339-8b9f0b973265,b80aaed7-4c7f-41fc-b308-37d923e53b82,5a2f6a42-d35f-4ae6-ba5b-26c824025ab4