Id,Name,Gender,Age,Birthdate,Address
d85e259d-354e-4ccc-abc3-5f431899ddad,표가은,Female,22,2002-03-29,대구 중구 77길 157
f373463d-c406-4bf7-a2ca-4c4ff8197b84,채예준,Male,61,1963-11-29,여수 관악구 37길 17
e1c04869-4b37-49c9-b2e4-e8c6df560804,채유빈,Female,22,2002-02-27,천안 종로구 22길 50
b2fb1820-7ab2-4940-b226-245647296390,안윤서,Female,47,1977-08-13,사천 강북구 175길 101
e612be07-f0cd-41cb-be54-eff5ddd39b5a,전주원,Female,20,2004-01-22,천안 양천구 28길 151
c0aa6699-7e8e-4d8a-8015-92cbddc8973b,이소율,Female,45,1979-02-12,광명 동작구 181길 172
2b41a22e-b2a4-431b-a61b-ca13105e3329,설경민,Female,23,2001-11-20,김포 서대문구 28길 108
a3d2016a-0d58-4ab2-964e-442bf0e7a477,이다은,Female,32,1992-10-25,서울 강북구 142길 161
7fae9e6a-dada-4b43-b541-3899a27ea3a7,윤가영,Female,37,1987-01-27,성남 영등포구 45길 3
5dad57d7-ea5e-4227-997b-018163cc0af3,차하영,Female,18,2006-07-13,거제 은평구 165길 186
6c90ce6d-e63f-4ee0-a09c-e89cab35a648,장유빈,Female,49,1975-06-28,수원 송파구 38길 124
96737547-94bf-497e-b869-3a7eb7fa8d57,설찬희,Male,29,1995-10-19,수원 강동구 12길 141
e09e0a68-36a6-48bc-b695-f6fc2e7387c0,소도윤,Male,50,1974-07-18,수원 양천구 33길 110
1c2760dc-e554-40e1-ac81-0d27fb758a36,우은호,Female,39,1985-05-14,춘천 금천구 191길 68
ecc2e656-1810-45f6-bf41-b1bd16265604,우가영,Male,17,2007-10-31,속초 송파구 57길 14
8272707b-8b7d-494b-a791-06167f257b24,함윤아,Female,19,2005-08-31,상주 성북구 145길 117
033eff80-106e-4c6b-bfe0-e5b770eab740,황예린,Female,41,1983-03-26,계룡 도봉구 49길 151
850b6cf7-21dd-43d4-856d-92fd4848101a,방민규,Female,61,1963-06-21,양주 서초구 52길 9
7ffb450b-f469-48f5-b89a-5a99ba93f65a,목수아,Female,63,1961-01-26,상주 중랑구 51길 47
07983bc3-1de6-4b82-8fdb-8d2e717e932d,엄소율,Male,34,1990-08-27,수원 송파구 49길 78
d2e8fa81-6c9e-47a3-b072-9a04209a6e58,성지안,Male,15,2009-07-17,울산 서대문구 116길 14
67ffa8b8-134c-4137-ac9c-c119ae8c6520,오희원,Female,29,1995-01-25,속초 광진구 82길 69
2e3d5096-1212-43d8-8107-907727b98bc7,성수빈,Female,16,2008-08-11,수원 중구 45길 129
adbd2f06-b85c-4a00-a3ee-891114b6fbd3,구상우,Male,32,1992-07-20,용인 성북구 160길 38
7f797312-4eb0-421d-8bd8-59a95104b5c4,강가은,Male,53,1970-12-23,사천 강서구 34길 133
8281bea1-042c-47ca-9cab-9f9d08e01f85,여지혜,Male,15,2009-10-28,전주 강남구 119길 135
73ca9c9a-d8c1-4dd5-a6b7-8f43a9b99f37,배진우,Female,49,1975-10-02,광주 종로구 185길 6
6f74053d-7123-48ae-bda3-635177197c47,유주원,Female,42,1982-05-28,용인 강남구 41길 7
eed1fff4-8abc-438f-83b6-d1eafcf454ac,류현우,Female,17,2007-10-18,평택 종로구 125길 160
710608a7-315d-4451-85fd-b3e2426f7c75,최도윤,Male,62,1962-09-19,대구 동대문구 127길 163
c047efd2-1c42-462b-a0b5-7940fd6c5629,설지유,Female,48,1976-08-18,서울 영등포구 154길 10
a0e3b5a5-ebb4-4a4f-a0c2-e51ca5b0cbaf,이희원,Female,15,2009-09-27,구리 서대문구 51길 25
45b24933-225a-4936-b1b4-2e8ae3eea318,서보민,Female,43,1981-04-10,강릉 양천구 52길 108
b26fc7b9-eb3b-49b8-a3e3-3bda02121d20,탁선우,Female,18,2005-12-23,전주 노원구 92길 5
6359a8ef-7c64-41be-a874-c88025c72187,최보람,Female,46,1978-04-29,문산 중랑구 115길 170
f3df3226-5938-4500-9a1a-52d089eebb9e,목민준,Male,42,1982-08-13,울산 관악구 6길 149
e703fb45-9395-4f52-b805-6c3fc3fc4860,박지호,Male,47,1977-02-11,광명 강동구 57길 143
86b8f10e-73a4-4143-a631-125ce7e0ce59,표상우,Male,51,1973-04-11,시흥 구로구 129길 112
33c370c4-ad75-4b5c-bd68-11cc411fb554,기가영,Female,31,1993-04-13,거제 노원구 58길 21
ac700bf2-f376-4bc6-9a50-29e1c0858d61,구수정,Male,45,1979-11-07,서울 동대문구 16길 188
b70271eb-9620-4394-8809-b00a0b6b1158,송지유,Female,44,1980-02-25,창원 중랑구 44길 193
50943c81-e6bf-46cf-ab54-74eff6a708a9,조상우,Male,18,2006-08-11,여수 중구 146길 72
3db9e794-b509-44b3-85ef-720816b97b46,정민규,Male,31,1993-05-28,안양 양천구 84길 34
bc248abd-d542-457e-8651-2ce01d26ab6f,최예준,Female,46,1977-12-01,강릉 노원구 78길 31
58ac9d7c-9d33-49ce-b05f-f1ee17589a6f,유서진,Female,36,1988-11-14,대전 중구 96길 163
2b48f586-0ce9-4066-b0d3-f74730e760d9,신지혜,Female,25,1999-03-09,김해 도봉구 26길 160
169e818b-e9d2-40bb-bdd2-e63d855a0952,추하린,Female,54,1970-03-08,구리 노원구 141길 55
5537bced-6876-47ee-85b9-1fb73648794c,장민규,Female,16,2008-04-22,대구 영등포구 197길 32
45cfaa26-c724-43d5-9f77-55145dc84b66,송수빈,Male,26,1998-09-01,사천 도봉구 51길 98
43a4ae16-aecd-41ab-a916-1fbfa31696d2,길하린,Male,47,1977-07-01,속초 성동구 29길 25
ff47bb9d-85bd-44b9-aee1-e6fa3a959d77,윤민규,Female,39,1985-11-06,김포 성동구 72길 166
7761b240-c28d-4788-9724-c8ff6a99499e,길지호,Male,41,1983-03-03,시흥 중랑구 131길 64
b5d326a2-96d1-46ef-afec-09b18a0ae04b,표상우,Female,19,2005-03-26,용인 영등포구 89길 132
7e5a457c-26cd-4ee7-b5d5-28b590bf2efb,소수정,Male,43,1981-09-11,여주 성동구 97길 136
22c985ec-858a-46c3-bd27-fac479af564e,민나윤,Female,30,1994-02-21,여수 양천구 123길 113
d8110890-128a-4c9c-9323-acc8858064d5,진현우,Female,23,2001-10-11,성남 양천구 36길 195
e4ac986d-bb1a-47dc-bbcb-755c8e95eb4d,조찬희,Female,47,1977-05-01,속초 도봉구 55길 40
226ac8c4-3da9-4c28-b7ca-3e91b6fcde78,정하영,Male,19,2005-08-25,인천 서초구 19길 196
41049422-913f-4730-bf80-b9c263c81768,변지혜,Male,54,1970-10-20,김해 중구 146길 134
71a77340-42be-4cbd-ba45-908f8ac39422,우선우,Male,47,1977-05-19,문산 서대문구 78길 147
e02db595-92d2-4f10-a20c-4c94636a0ef3,신윤서,Male,53,1971-04-01,전주 중구 15길 149
0b127249-51e5-4a60-be49-32932092ae83,엄가은,Female,58,1966-04-28,광명 도봉구 113길 96
1aa16744-7429-40d1-80d0-3b329e698ec8,전수아,Male,63,1961-09-05,속초 강북구 30길 104
4b0e1865-2eef-4eae-8864-e9cfd9141d61,최서현,Female,54,1970-01-04,안산 동작구 50길 179
f38f6140-c4e9-4519-873b-a85ce58dc423,한은지,Male,34,1990-05-10,사천 강북구 159길 109
9dc9d821-4da8-4a40-96e8-525805d4d77f,우보람,Male,37,1987-05-16,서울 마포구 169길 26
5e2a9209-2d0d-4d25-8863-ab9001a6bb49,성서연,Male,63,1961-09-09,대전 금천구 113길 32
53e1a278-9eed-4106-818a-8a3ed28f6227,변은지,Female,19,2005-01-10,광명 도봉구 1길 91
b5f9baa6-7d46-4467-bbcb-957619c54dd5,진예준,Female,19,2005-04-28,여수 종로구 136길 114
faa52191-ae40-4f8c-ba6f-3d6049f2c193,엄은호,Male,53,1971-03-05,문산 강남구 192길 186
17b618bf-9895-4c9e-91ee-121190784067,배희원,Female,26,1998-01-23,안산 서대문구 87길 182
61ed639e-3819-4e89-936c-c2bc19404419,정현우,Female,24,2000-06-19,고양 서대문구 11길 46
0e5dfd1f-4d96-40e8-aecd-b0a9f08f16d8,변수아,Male,39,1985-02-19,양양 동대문구 58길 71
a385e654-76cf-4927-b185-9ec6c8feb714,목지호,Female,56,1968-01-31,인천 동작구 55길 133
25568554-3b94-4b94-9567-ab26cbfcdf0e,박서윤,Male,46,1978-11-20,대전 중구 141길 109
675a4baa-e873-4995-96d3-434f4fa143ae,민민서,Male,52,1972-09-15,전주 강남구 94길 81
4a5ec113-0a6f-429b-9996-21f95a0ea3c5,오서진,Female,39,1985-08-31,진주 도봉구 167길 95
f26d013b-6f86-4aad-99fe-c9e0994771a7,우보람,Male,59,1965-07-15,평택 강북구 155길 27
7e555e97-43f1-4d14-af7e-20310f9e8872,유민규,Male,41,1983-07-28,고양 노원구 142길 157
d1e6a60e-1dac-487a-9ce1-ef90e3f59771,김수정,Male,32,1992-03-09,김포 용산구 120길 173
21285ab0-ac60-4e96-82a1-20f85a18bd87,소선우,Male,43,1981-05-03,전주 양천구 124길 64
ef985ff2-abd4-41ab-99be-cb9475615cd2,신하영,Female,19,2005-06-22,여주 동작구 97길 53
e484460b-b599-4280-8e26-1a90b0a699be,이민준,Female,53,1971-03-05,수원 강서구 30길 98
9fbbc323-b3e8-4d47-a7b5-059f5efa3fe6,최서현,Male,17,2007-07-13,천안 용산구 130길 94
381c715f-80fb-49b6-a59f-caf167f54ca0,신하린,Female,58,1966-10-22,울산 은평구 147길 153
5fae61fe-cbc8-4146-a6f3-9554579af0a3,송윤아,Male,59,1965-03-05,전주 중구 140길 142
4b9d0715-c23e-46fa-a3af-92841cd37949,이민규,Male,22,2001-12-11,계룡 양천구 59길 49
2100a7dc-4422-45b9-be9d-e28eaf2a8f80,배지안,Male,15,2009-02-01,춘천 도봉구 16길 132
f22f7ea6-8561-4456-8b2b-79ef77bcb688,엄서준,Male,54,1970-07-01,인천 노원구 44길 165
700ad6b0-f9e8-41b4-8890-f9c6066f7ee6,배은지,Female,50,1974-08-17,창녕 금천구 200길 67
d07f65d8-33bd-4ebe-b943-7108d335c096,표지혜,Male,46,1978-01-31,대구 서초구 164길 45
00eef367-e4c9-48ca-b175-1c0f1d5a0a15,조지혜,Male,21,2003-11-13,포항 중구 186길 51
8e22782e-e3be-4898-967d-ae78ccce6ed0,최민규,Female,29,1995-02-10,시흥 노원구 123길 8
912cee10-5523-434f-a7d2-2802a721ca49,기정우,Male,49,1975-09-29,고양 중구 50길 174
49c674d3-9590-4b95-bb2b-40f89f3d16a4,류경민,Female,43,1981-04-30,인천 도봉구 186길 106
472540bd-bc6c-428f-8533-e12d44704593,서은지,Female,46,1978-04-23,울산 동대문구 43길 14
c08443ba-0355-4cb8-b357-d7be91456ee0,함나윤,Male,20,2004-05-12,김포 노원구 118길 133
956dfcd0-8952-4197-a156-48c0901cd150,구지호,Female,45,1979-10-22,포항 동대문구 19길 9
c0a44d10-bac6-4b2b-b656-5c0d3995dee2,배유진,Female,36,1988-05-14,평택 동대문구 45길 2
d7392e2e-e283-4986-8852-c082488e8f2c,우소율,Female,29,1995-09-27,속초 마포구 112길 5
df76f7d9-ec44-42e7-9bb0-9dd9d49f5e90,서보람,Male,14,2010-10-11,홍천 관악구 189길 165
267daf0b-bcd4-4f69-9951-7c477a8d2bba,송지민,Male,17,2007-02-03,춘천 관악구 120길 51
a51e19d1-7077-4059-a3d5-3758850e9767,길주원,Male,14,2010-07-26,전주 강서구 167길 42
4dd6f8a7-7dc9-40ef-b614-6974fe2845d7,전민준,Female,41,1983-01-12,김포 양천구 94길 8
978d3977-8cd9-4cc4-b639-158753586f07,오서윤,Male,51,1973-06-14,제주 강남구 125길 108
9b0596f6-51bd-466d-ba16-57cda84156d8,유정우,Female,50,1974-02-18,거제 강북구 175길 43
05c002f9-a7ac-4933-98c5-a6139bd9bbd2,서도윤,Male,39,1984-12-31,김해 서대문구 130길 125
6cae7fd2-2286-4307-a7d8-6d1136d7cda8,추상우,Female,15,2009-02-07,여주 강서구 24길 106
242ebf22-83dc-420e-bce5-8fb02a37455f,서서진,Female,55,1969-11-08,고양 강북구 113길 47
6afb2166-b822-4aba-b023-45d80202f5ea,탁보람,Female,55,1969-02-15,부산 마포구 174길 39
54a9b8f8-360d-4445-9236-8cd561d4f9a0,진수아,Female,41,1983-10-25,성남 성동구 41길 78
f659cdaa-9416-4f92-aa1a-7c0574afd6c7,기유진,Male,60,1964-06-05,계룡 금천구 13길 110
73f9b161-123c-45c7-b694-f9fb13014a0c,한주원,Female,56,1968-03-01,포항 서초구 63길 81
bcf70115-6bd8-4658-84b6-dcb7c53da555,윤재원,Female,45,1978-12-12,문산 강북구 14길 148
3bdf454f-1b62-4f5b-83bf-4b4479ac34d7,전서준,Male,56,1968-06-15,문산 동작구 165길 6
75b923cd-2f68-46eb-8081-7ea34a315a2c,노소율,Male,28,1996-09-09,성주 도봉구 104길 21
8d7618a3-43d4-4040-a391-dd868409b649,민민준,Female,54,1970-05-10,천안 용산구 117길 21
cb2b1ab7-ea20-456e-83c5-9728a8e7ef54,길하영,Female,24,2000-11-23,부산 성동구 23길 57
a19f6534-39dc-4826-9b3e-9d7083870602,변민서,Female,23,2001-11-15,창녕 영등포구 191길 127
e44c5407-7727-4e41-8929-a244c8d578bb,염보민,Female,24,2000-01-27,문산 송파구 112길 9
63e986f1-fdf6-446b-ab97-24642c55200c,성정우,Male,53,1970-12-05,안산 마포구 169길 40
40721316-5f33-4601-bfbc-5bbefa8091f0,엄민서,Female,41,1983-10-16,대구 동대문구 24길 34
ae7c9d69-0a4e-49d1-9f90-64f56e202b21,길지민,Male,62,1962-02-21,부산 광진구 97길 150
c9e66ef5-d26b-440b-995d-9e262418a97a,민하영,Male,27,1997-03-26,여주 도봉구 178길 75
8462c510-345c-4493-a372-1a952e69e0b5,황하준,Female,19,2005-03-10,구리 양천구 88길 189
10105c8b-c1fd-48ff-9e5f-f2661012859f,오유진,Female,31,1993-09-18,부산 중구 88길 8
1cb31224-7e68-4b44-aa14-d7cbeb7d4bec,진도윤,Female,63,1961-02-20,안양 송파구 4길 45
14f27ce4-6fcc-46bd-8434-667222969281,임지안,Male,15,2009-11-26,안양 용산구 83길 83
db4ca654-cd5f-4174-8a75-3ae65d4520e1,기지혜,Male,39,1985-04-16,양주 강북구 141길 69
471f8aea-abe0-43a1-9573-e2d9a410bc13,서희원,Male,14,2010-04-25,광명 성동구 48길 170
ea507261-35fa-4dcc-bc2e-bd9718f41fdb,채민서,Female,22,2002-09-18,문산 중구 76길 47
a3383736-e3e8-4dd2-8957-86fa0ce2b48f,민수아,Male,55,1969-05-10,안양 동대문구 145길 31
264b0a0c-2068-4838-b86f-e24695d5ff40,장서윤,Female,38,1986-10-28,서울 마포구 127길 89
8dd8c89b-0cbb-4003-91d3-a9fc07d938b3,정서준,Male,42,1982-11-06,인천 도봉구 24길 136
0e03ae7b-a232-4aa2-8e79-d56488422ff1,윤윤서,Female,26,1998-05-30,사천 관악구 94길 72
e1c01d04-f4cb-4a26-8efa-6cbdb0e27a75,진예준,Male,60,1964-09-26,울산 구로구 56길 188
b14ec35f-4552-4ea3-844a-dd5f57e2fc82,우나윤,Male,44,1980-01-29,광명 성동구 148길 41
13547328-9814-49a2-90f9-10c826b4d898,조서연,Female,61,1963-08-14,시흥 종로구 22길 74
6bee02a9-3e04-4443-a72a-38c79506df00,탁도윤,Male,63,1961-08-12,인천 관악구 66길 180
8d74f950-1f55-445b-bd84-c72b1e747c18,노나윤,Male,61,1963-10-27,남양주 성동구 103길 182
17a33210-ef90-441d-99cf-944d8eddb9d8,신민규,Male,25,1999-11-24,울산 용산구 149길 50
5485332d-a025-4321-b396-81c3274c6d5b,목지호,Female,55,1969-03-17,전주 동대문구 75길 153
20cadda2-25a4-45e4-acd8-970e7147b5e1,류지호,Female,40,1984-01-20,구미 서초구 66길 31
bb62a885-53aa-4595-9b23-f935d6d33af7,노주원,Male,45,1979-10-18,구리 용산구 133길 188
c7623aee-4c2f-48e6-991f-494847f04aaf,민윤서,Male,37,1987-01-14,안양 마포구 174길 31
71754ad7-28c5-4cc3-a862-2a8ad7469df1,우상우,Male,40,1984-08-25,구리 서대문구 143길 52
4dca773a-2741-4596-97aa-e7dbac39c74e,김은지,Female,23,2001-09-01,구리 중구 27길 23
f163eead-e1c7-4243-82a5-db1454e4ab74,정보람,Male,31,1993-06-23,이천 용산구 82길 20
99e7146b-5643-4fad-b583-177685ceec6c,윤은호,Male,62,1962-08-12,성남 도봉구 37길 162
994d2910-2966-4bb1-baf7-6fb558d68f31,민서윤,Female,58,1966-02-08,속초 서대문구 83길 63
6a97b4eb-dd29-4b4c-b27a-afab06639fcb,진하준,Female,52,1972-03-17,창원 용산구 193길 57
7dbe78f2-1586-4ef0-ac55-e06f8740520d,기예준,Male,54,1970-11-27,안양 광진구 143길 7
8fb8f792-a13e-478f-ad5d-6d9f81953c45,이유빈,Female,34,1990-05-11,진주 구로구 179길 150
547a106c-4f32-4960-998e-b4350f7d8ec3,차서준,Female,57,1967-07-29,거제 동대문구 85길 196
05545a11-c929-4560-a91a-41ba8dcbbd0d,여지유,Female,37,1987-09-22,대구 종로구 52길 136
f9828079-e385-4d03-ac5b-91d0264fad7a,김상우,Male,52,1972-10-01,상주 마포구 29길 53
23a88567-36b0-4690-88a8-d5a7d178ae95,오수정,Female,45,1979-02-25,구미 용산구 48길 137
3e091bd7-1c82-4d26-a1e5-db16a13adab4,류지민,Male,29,1995-10-11,춘천 중랑구 71길 4
1ef0056b-3ad3-42a1-9840-5475ede508e1,방민준,Male,34,1990-02-20,성주 강남구 92길 146
49226639-2588-4d77-b74e-84dd485c0a5a,오지호,Male,25,1999-05-15,여주 동대문구 54길 119
1ff45af6-3f42-44f0-b26c-bb72d4fe0f7b,차소율,Male,31,1992-12-06,계룡 광진구 60길 180
3dfaa0f3-c2c5-47ae-b577-6896a579c322,안지민,Female,17,2007-05-17,시흥 중구 38길 145
9adae0a3-5260-4658-8029-0f925af1c64f,윤정우,Female,48,1976-11-21,하남 중랑구 147길 167
3aea3445-26ad-4a89-8f23-da2b71772fdb,신지호,Female,63,1961-02-17,천안 마포구 130길 175
7034748c-4f61-471a-8270-400c4f797c02,성서윤,Male,51,1973-06-06,용인 강남구 110길 56
0ad0f8e4-58b9-46e7-b854-2889adfed06f,목보람,Female,58,1965-12-10,광주 도봉구 136길 47
8133be6a-a4f2-4e4d-8d49-9f6a25f99d0d,설선우,Male,16,2008-09-12,대구 마포구 182길 163
277cbba4-1224-49c6-9a06-f6610fff1d58,염민준,Male,20,2004-10-15,상주 용산구 102길 120
db5ba2d3-3cef-4a0c-b7b3-fe68dbcd2ac4,엄수빈,Male,38,1986-09-02,성주 양천구 140길 105
29dff84e-0482-479a-b564-42c2cc792e3e,임유진,Female,18,2006-09-12,시흥 동작구 180길 189
68b74620-d060-444c-a17f-0b489e342326,설예린,Female,43,1981-02-19,김포 중랑구 30길 139
927a1125-4e6f-4f83-bcc2-08cbe102e1be,최하준,Male,36,1988-09-21,안양 마포구 72길 174
53d9377a-c23e-44ab-8ae9-ead548b3961c,염예준,Male,26,1998-08-24,대구 광진구 63길 143
a862c81b-e9e3-4d5d-999b-46e37a87dc48,목지유,Female,61,1963-08-31,서울 노원구 107길 103
609f0d7c-60dd-4727-8c6c-b32d592b290f,진하영,Male,22,2002-10-18,거제 성북구 134길 3
a2a97774-3c6e-4854-aecf-457f51f527a4,추윤아,Female,21,2003-08-27,문산 동대문구 156길 75
8dad7fb1-316d-4a64-807d-96287e08430d,서보민,Male,33,1991-04-25,양주 강동구 123길 169
5d445182-5554-4102-8700-f4449163a128,진정우,Female,46,1978-03-26,평택 도봉구 8길 36
7ee78b7f-958b-4188-beba-d6302a9ac68b,염선우,Male,23,2001-03-07,구리 강남구 51길 73
8bb65512-8981-4a1e-b943-46aa652a6db6,신소율,Male,54,1970-07-12,양양 동작구 117길 94
7abf52f8-845c-4adc-9b7b-ad7147a5f417,채수정,Male,30,1994-05-15,시흥 성동구 41길 52
b39f9cfa-6d0a-4a02-98fe-377ffcbb30cf,변상우,Female,42,1981-12-06,광명 광진구 157길 111
d7a03550-2db6-4bc1-af53-5f7c3b2504f3,염유진,Female,30,1994-03-30,춘천 금천구 17길 105
9e8b49c3-ab37-4127-9bca-228008676834,윤하준,Male,29,1995-10-20,양주 양천구 172길 115
db30c034-3f97-4d51-b3ee-f6a081bed73f,목찬희,Female,50,1974-05-19,고양 중랑구 103길 81
92f99dcf-8867-4e6f-89f3-5d98d2a8fd90,추유빈,Male,26,1998-02-02,구리 중랑구 153길 70
ab09fb2d-37eb-43d5-a744-1cf0133a1782,방다은,Female,32,1992-06-13,속초 구로구 132길 47
e9844868-5283-4734-9ea3-96aec7a583c5,황지안,Female,42,1982-04-02,전주 구로구 71길 129
75f181a3-faba-4cbc-a1dd-c0dfbf16f1d8,진서준,Female,38,1986-07-03,홍천 은평구 15길 146
73f7d2e4-aab6-4d40-a1b8-9c873b3d4f0a,서가은,Female,30,1994-06-23,창녕 강남구 96길 42
3f8eaeaa-adca-4deb-b585-e61789bfc612,엄도윤,Female,28,1996-08-11,김포 종로구 79길 99
da048058-80a0-492d-9f0b-ee17afe1d4c9,한보민,Female,32,1991-12-04,여주 중랑구 140길 19
fdf85306-5c31-4abd-91aa-e7091176f088,류지유,Male,49,1975-04-10,남양주 종로구 108길 167
7396575c-3763-4777-87bf-17c71b2a34fc,송서진,Male,37,1987-05-04,성주 강동구 24길 136
ec511611-42f4-4807-8bf0-3583d836e5fd,변나윤,Female,55,1969-04-12,전주 도봉구 98길 53
903e708c-68a5-4812-853a-c46f12a96d61,성지안,Female,60,1963-12-04,여수 광진구 149길 127
87d313ec-5164-4982-92e0-ef57fa3b8d18,송보람,Female,35,1988-12-24,광주 강동구 197길 109
6c577e1a-ed37-451f-ba3e-35aaf08d5d75,이서현,Female,49,1975-08-10,여수 강동구 124길 40
21fd77ca-c162-4f9f-90cb-34b6ea6f02dc,진도윤,Male,32,1992-10-22,서울 서초구 22길 86
aa36edc3-0dfe-4adc-8d01-573faac1169a,류서연,Female,20,2004-05-15,안산 동대문구 33길 8
b1aebd95-d3be-4b3d-8564-13e0c2987010,임예준,Male,31,1992-12-30,창원 강서구 61길 60
b3ed1d59-153d-4a9d-80dc-0a0b63391b90,염보민,Male,42,1982-03-27,제주 성동구 181길 163
ce5b6132-f5ce-43f3-8171-3198c31581dc,오은호,Male,52,1972-07-30,포항 동작구 127길 30
d8b4062c-f402-4cbe-a896-6ee70feaa891,이서윤,Female,51,1973-06-26,양주 도봉구 31길 128
f32cd295-184a-43d1-aef4-bb286ef58372,탁보람,Male,21,2003-08-29,김해 관악구 176길 183
3980b5d8-1f4a-4727-ad27-93970e8bd406,김유진,Male,45,1979-10-05,김포 서초구 72길 35
e328ef1b-9a12-4667-b2d3-391fd5f2f9af,탁도윤,Male,30,1994-07-24,양주 노원구 48길 57
a955e1d7-8a47-4d0d-a3ca-bc2977dd9cfa,변하준,Female,64,1960-05-07,사천 성북구 29길 85
90dd3b72-9ac8-45e6-b9dc-cc4a2278af33,송서윤,Female,52,1972-07-07,평택 서초구 168길 150
b3900519-4dec-46ea-a53d-e28b3852ad04,설윤서,Female,51,1973-11-30,전주 중구 6길 43
cfbb98a3-0aac-4184-891b-22641bf6a1ef,유상우,Male,52,1972-08-28,속초 은평구 139길 62
6436dff3-ac7d-43c5-88e6-2659de6ccc53,장희원,Male,31,1993-07-22,이천 성북구 151길 71
b6cf5ee0-0424-47e4-96eb-740a8ae13c3f,전민준,Female,31,1993-07-15,김해 동작구 101길 160
7eb2e671-0117-4989-a453-3bd33f8fe1ae,황보람,Male,17,2007-06-25,남양주 마포구 115길 60
f44d8ba9-e978-4315-951e-9c32ed717a69,이정우,Male,14,2010-07-14,강릉 도봉구 84길 193
239f9aef-7145-40e8-81ca-14aa99939b55,이지유,Male,20,2004-05-19,전주 강서구 178길 162
df84ff8a-84db-40ef-82e2-9cbd59c90e2f,박수빈,Male,40,1984-11-17,속초 동대문구 178길 155
97cf1722-96d6-4cd1-a01f-1c9cf7f52f5e,엄지안,Male,37,1987-03-10,부산 구로구 155길 149
041bde06-7b80-4a42-bf09-c70c0e93cc62,전수정,Male,32,1992-08-19,계룡 노원구 105길 153
f912f540-48d5-43c7-892b-2390918786fc,탁재원,Female,63,1961-01-11,상주 관악구 185길 182
2291e2d2-6acb-4d18-95eb-35882ca5efbe,박서연,Female,30,1994-06-14,성남 강동구 4길 155
00fd4e63-22e5-456f-91b4-0a82bed0f9f4,구은지,Female,38,1986-03-31,안산 성북구 64길 168
9ea22a2f-1896-463e-8f4a-7243896df660,기재원,Female,25,1999-02-05,거제 은평구 59길 185
fd756a73-f831-45c7-867f-30a0b31b756b,정예린,Male,62,1962-07-16,광명 서초구 164길 148
34585fe3-f4c9-4dca-8115-cccb48059e8b,차하영,Female,40,1984-01-08,진주 송파구 186길 25
40a6b005-b7a9-475d-88fd-0efd38f9914b,김지안,Female,26,1998-05-07,광명 용산구 115길 95
2ce06583-9101-4554-bf0c-20119bda3aff,함서연,Female,17,2007-07-02,구리 동작구 92길 56
8db12caa-c539-4194-a912-5b3a816d5a1b,함은호,Female,35,1989-01-16,전주 구로구 138길 25
8e20b880-6774-4f34-936d-ca30c3a70798,송하린,Female,23,2001-01-20,김포 서초구 82길 162
712de78d-535f-40a6-8479-694a9cf373d9,탁희원,Male,56,1967-12-10,성주 중랑구 199길 119
c290f1cb-e3d1-4483-9e8e-e3fe9efc737a,여유빈,Male,34,1990-01-16,남양주 구로구 138길 3
bf7e5dac-899b-44b7-b80f-d1f1354530ee,차수아,Male,47,1977-04-13,상주 서초구 63길 177
7585e38f-0cf5-4bfb-9b1d-26ba401d5918,조지민,Male,19,2005-11-24,포항 동대문구 47길 88
774ebe19-9393-493d-bdab-9e5d1850bc56,추재원,Female,36,1988-11-09,고양 서대문구 170길 31
c1eeadca-d1be-4424-ad1e-b740917ac2cf,정현우,Male,19,2005-05-05,상주 성북구 121길 156
5e9ce4a0-63e8-4012-814e-0e7f1f8375db,송주원,Male,19,2005-01-01,포항 강서구 139길 119
1ad34351-c8a4-4d40-b28f-dcfd8ffdac5d,변서윤,Male,61,1963-08-25,평택 관악구 170길 70
8a459c04-1f2b-4ca1-9b16-90c987b6a775,송윤아,Female,35,1989-02-03,수원 성동구 48길 46
fa428d55-cfd7-4e2f-b630-f33f4d54dbb1,변민준,Female,23,2001-07-06,전주 은평구 80길 160
5fbb10b6-8d20-4283-a6b1-b5370852623f,송서준,Male,27,1997-01-27,안산 서대문구 63길 101
3e487c5d-d15f-44b8-992b-5e3f5492b5bb,장유빈,Female,19,2005-01-21,포항 강동구 33길 117
e4bebe52-b696-4d8b-811a-b1fb6d513e4d,최재원,Female,26,1998-10-20,시흥 구로구 5길 150
416d0d88-f7ad-40b4-8746-b640ff6a70a8,황서윤,Male,17,2007-03-02,상주 금천구 146길 184
8cbacebe-cc44-4742-abd6-66e7409c9766,목유빈,Male,32,1992-07-10,성남 송파구 176길 39
d4af3423-4b24-4c82-b98a-f1af06f75185,민민서,Female,59,1965-01-03,하남 동작구 156길 26
acb94dfc-73f5-4a10-a9e9-21af80353c1a,박은호,Female,44,1980-09-17,이천 은평구 98길 86
7e6fc35d-6cb3-4a70-aa65-b0ef5629a36a,소서윤,Male,14,2010-04-14,인천 금천구 147길 7
33cb9089-851b-4a61-9fd7-919247c20c41,진재원,Male,52,1972-08-01,구리 송파구 78길 144
724c2872-2b72-4468-b151-a4bc5c2adbd7,한지안,Male,33,1991-08-22,이천 강북구 147길 6
e6bf4ee3-b6b8-4da7-89cb-fce12f6cf7a2,서하영,Male,41,1983-04-05,하남 중랑구 102길 128
1cefbf02-247f-4467-aa1f-ce7eb25e83fd,이민준,Male,27,1997-11-30,계룡 서대문구 117길 16
5209b9d5-0109-4deb-971f-587daeefa34d,노유진,Female,49,1975-09-14,전주 서초구 163길 111
1da28660-5eb0-4024-a232-c49ed2413cb9,박수빈,Male,40,1984-01-22,부산 동작구 15길 146
4e853cd3-4f39-4d1e-b078-bf0a9c3229dc,서다은,Female,38,1986-10-13,전주 은평구 147길 139
1d3dc94b-3f02-4136-9fb6-8026332c2011,설희원,Male,32,1992-09-15,강릉 용산구 189길 53
644fd2e1-952e-4a5a-8bca-252105a1512a,우수빈,Male,61,1963-01-15,제주 영등포구 74길 101
d7949dcf-2139-46d8-a37a-26764f1e4739,윤민준,Female,42,1982-05-28,안양 중랑구 69길 162
db0d91dd-ab53-4fbe-866e-44ef3fe684d6,함진우,Male,27,1997-04-02,여수 마포구 53길 25
a5d6a735-9fd3-4b0d-9d17-0d5200ae0e39,오윤아,Male,56,1968-11-10,하남 강북구 199길 28
79342332-cc7a-4c9c-9149-0cf0680ebb7c,장정우,Male,55,1969-07-01,용인 강동구 73길 178
da4cd542-db30-4cfa-a695-4163cad02838,차가은,Male,15,2009-06-22,상주 성북구 36길 112
29bdfbd9-216f-46a1-90f0-3d0081a05baa,장현우,Female,29,1995-04-25,광명 도봉구 138길 143
5b8f71be-5258-475a-9427-e8ee69dbefd6,진하린,Female,22,2002-09-23,속초 중랑구 83길 95
1b516e34-3e65-433e-90a2-4cca8aa7c29a,우찬희,Male,57,1967-02-19,시흥 성동구 62길 3
f84fcdb8-5e1c-4b0e-8a75-57192225a5fe,강예준,Male,60,1964-08-17,이천 관악구 88길 147
c269cc88-fb67-44a5-9ab1-80e919cda413,장보람,Male,47,1977-10-12,울산 동대문구 157길 44
3e605e2e-750e-4849-bdcb-c84d21888fa2,노예준,Female,33,1991-08-29,강릉 양천구 192길 45
63a3ba4f-8cd9-4cae-b5a9-32bcfd131264,엄다은,Female,60,1964-07-01,사천 구로구 102길 72
cd6636c4-a7cc-4737-9abe-ee4dc5a07bdf,안유진,Male,45,1979-07-03,양주 강서구 26길 74
c5e27858-45d0-47cb-9583-ad5c2ea11191,구은호,Male,63,1961-04-12,계룡 강동구 78길 151
c3912dec-10af-49c6-b5f3-dca3f0e62d62,노지호,Female,46,1978-04-14,창원 도봉구 114길 2
d8211b52-471f-49c7-8667-10fa101f5d7b,탁찬희,Male,25,1999-04-07,고양 양천구 43길 67
b2ae67d9-30be-4ac8-bf12-5e4955df034b,전서준,Female,42,1982-05-21,여주 영등포구 191길 179
4e1e7cef-94e2-4bb4-88ce-ce2c2022cccb,우윤아,Male,39,1985-09-04,여수 성북구 192길 10
0d2d8ea4-74c5-43fb-9e3a-78ade1dcbe01,표정우,Male,61,1963-10-15,전주 강남구 192길 149
83f5df5e-46cd-47e0-8ab1-0a8142c1b185,진은지,Male,15,2009-04-08,이천 종로구 118길 49
cf59b54a-c683-4ff5-a51b-6e9ead292995,임윤서,Male,48,1976-07-13,남양주 광진구 131길 90
5185cbb1-ecc2-46d9-a14f-52cc07893709,설희원,Female,54,1970-05-18,서울 성북구 112길 62
f31ac041-4dc0-4753-b4f9-771a87eb8738,류하영,Male,21,2003-05-29,김포 노원구 131길 134
b2dd07f2-635b-43d8-a1f6-4c8111b8751d,황소율,Male,37,1987-10-17,이천 강서구 85길 182
da5cb852-9cc6-45f4-9a23-27358542282f,최서준,Female,57,1967-07-22,거제 중구 102길 125
d3fe195e-6c8b-4631-98f0-61a45763bb52,표지안,Female,39,1985-05-14,천안 강동구 184길 111
c7fc44fe-dc5f-4c6e-844b-ceecf445d1ce,전지유,Male,58,1965-12-30,안양 도봉구 119길 200
1b059ebc-ea6b-468d-9810-9451e71a489b,윤소율,Female,14,2010-07-27,제주 강동구 125길 161
9c6f8e16-8380-4a34-bdfe-0e22530df931,목지안,Male,14,2010-09-01,진주 동작구 127길 128
e54226d0-8920-45b6-97a1-2d4928e91fe1,추서현,Male,18,2005-12-03,안양 동대문구 103길 60
f4874d5d-dcf1-4c46-b784-1b302a41e6af,표은호,Female,25,1999-08-22,진주 서초구 172길 175
b5ed006b-033a-4b10-a58c-8364eb6baf67,목현우,Male,18,2006-05-03,제주 종로구 136길 131
b2a123b4-9521-409f-8f35-95aa242990de,오소율,Male,43,1981-04-05,안산 마포구 116길 24
83065156-2fb0-4b4e-b128-11810c7060e1,길지안,Female,43,1981-07-27,안양 종로구 186길 189
eb8d7e24-10f1-4e3b-8478-ce2ee07688bc,한지유,Male,41,1983-05-01,김포 서초구 5길 40
404dee1c-54c0-4ceb-8045-9e0c50a27921,차하린,Male,54,1970-04-07,제주 서초구 83길 200
16e9b23e-5320-4720-a0a9-ce13579204ee,방소율,Female,63,1961-05-21,전주 강북구 108길 85
470050ed-8d5a-420e-a469-5b776a8186dc,목지민,Male,58,1966-02-24,서울 서대문구 52길 163
f2ad6c55-9830-4322-aa44-fdb7aab24577,정현우,Female,61,1963-11-09,강릉 동작구 125길 159
8e1f191b-a68b-45fb-a7e7-1bd279627263,설서연,Female,51,1973-02-17,이천 강북구 77길 151
078a8316-1dd4-4daa-8cc4-3b87af31cac0,여소율,Female,48,1976-05-08,구리 송파구 152길 24
e152053e-9357-4849-9be6-ec4d4b57452e,차윤서,Female,54,1970-11-17,김해 서초구 151길 51
2476c7c7-992b-4293-aa16-f598ed05a533,박정우,Male,20,2004-08-27,대구 노원구 180길 45
3d02cb10-bf50-4342-98f9-78c9527e6a18,조지민,Female,15,2009-03-20,창녕 서대문구 5길 125
61269919-e801-4228-82b4-8e16c0cec705,소상우,Female,21,2002-11-03,수원 성동구 44길 105
b2ed7a3b-2ae9-4463-841a-168c5aebc080,길민규,Male,34,1990-09-03,하남 성북구 120길 21
354cd6fc-7844-4754-a611-ed9bbe74565c,함소율,Female,48,1976-04-20,남양주 종로구 144길 9
1c148c3b-4f81-4056-9f9e-4812b698cfd3,함도윤,Male,55,1969-08-07,서울 중랑구 10길 188
6029ec95-a058-492e-b5a2-18c8e980feb0,배지유,Male,43,1981-01-05,창원 도봉구 67길 1
a2bd822f-60a6-4ad4-8cf5-60fe003b1666,안현우,Male,24,2000-11-13,인천 강남구 102길 52
5d8f4a14-4602-4894-8b28-060e8add05c7,임찬희,Male,48,1975-12-31,광명 광진구 21길 126
050fbee8-97e0-4617-8108-0534e7f2e2ea,채수아,Female,43,1981-04-16,이천 성동구 23길 165
64c8c26a-3a59-45d6-a8f1-10f6ca4124c3,설서진,Male,17,2007-11-28,안산 금천구 53길 107
487bd874-48d1-494a-a73f-86cd20e071ae,표상우,Female,45,1978-12-31,천안 강서구 159길 191
4460b53f-40ba-4a31-b4d9-19ff4234feec,황재원,Male,25,1999-07-26,구리 금천구 10길 19
44008c58-b107-4d1d-a9ef-d8b7183524e2,방하린,Female,22,2002-09-18,제주 강서구 11길 95
6f81653e-02b5-44a0-8c76-16edb731a67e,장서준,Male,38,1986-02-25,계룡 동대문구 132길 57
ce0967de-612b-4a22-a15a-8a657dd15cf5,엄서진,Male,17,2007-07-01,수원 서초구 121길 167
d6dac680-08c3-4d2b-82dd-013f90dc204b,장경민,Female,30,1994-07-01,성주 강동구 79길 52
ee5a0755-ed66-4350-9e93-38871a250c85,채지안,Male,37,1987-04-14,안산 도봉구 196길 24
6fa38849-35be-4574-91e7-9956738e803e,추선우,Female,38,1986-04-02,대구 강서구 168길 162
54c50080-2764-4cdb-ba3a-94bb16acc80e,김나윤,Female,49,1975-09-22,양양 중구 49길 134
b5e2a848-1419-4fa0-8b0d-377ec803daa1,추현우,Male,16,2008-01-09,용인 성북구 174길 32
3c898ab3-4a60-4023-85ab-f677a2f91854,진보람,Female,45,1979-10-23,문산 동대문구 200길 164
570cb6e5-2545-4b9f-90a9-e6a88ad024d1,소현우,Male,32,1992-01-28,광명 노원구 67길 71
32abf61b-a8f3-46af-a7b2-82cc14fb9660,변서진,Male,64,1960-01-28,춘천 서초구 17길 104
4c26d157-f5c7-4ae1-9b1c-0a34f8363f66,한가영,Female,39,1985-01-17,홍천 성북구 30길 148
dfc8d667-e4d9-472a-825d-6db1ba627775,변수아,Male,56,1968-04-03,전주 마포구 179길 121
2cfd696b-c09e-4f73-b4e7-f8549dd2659f,우서현,Female,31,1993-11-12,서울 마포구 116길 111
1d7a455e-9081-43ef-bee6-fa2215e7cf00,엄서윤,Female,46,1978-07-10,서울 중랑구 54길 65
c5ad075d-91d2-46cd-b3d0-ea07a64cf561,배서준,Female,56,1968-03-23,양주 노원구 49길 142
faa6aba7-0920-4f31-9583-7f6da3431643,소가영,Female,47,1977-11-30,울산 금천구 173길 166
4b5f62e3-8abb-4cdc-9f22-766f5854cc56,진나윤,Female,48,1976-03-08,광명 서초구 111길 75
48b3b650-5fb3-4955-98a9-85a702934607,임민준,Female,49,1975-01-26,구리 성동구 42길 17
3f9898e7-79cc-468b-875b-455148d0270a,소정우,Male,32,1992-11-04,전주 관악구 66길 169
301fb094-840a-4a3e-8fe1-2fa316e6741a,민주원,Female,27,1997-05-26,시흥 종로구 112길 7
839b66f7-32f9-43ab-a12a-99fa3f2a1729,송지민,Female,55,1969-07-11,양양 강북구 85길 160
45100277-e5d8-41de-a418-8cf72676fe48,서주원,Female,39,1985-07-27,남양주 양천구 148길 168
24d46082-a5df-4620-8395-cead9c792bc1,장유진,Female,42,1982-10-02,김포 강남구 142길 142
fd13ab71-27b8-4028-af41-ccbabbf9f82a,안수정,Male,39,1985-07-12,평택 영등포구 65길 143
cd3df32b-df4f-4024-ab7e-962999e98a64,강수정,Female,15,2009-04-30,구미 양천구 138길 165
083b1bf8-9807-4ba4-b24e-89ba17587066,윤다은,Male,62,1962-04-07,춘천 영등포구 190길 19
92baa3a2-6c91-47f1-a044-c31a2df41e15,송수정,Male,26,1998-08-09,인천 금천구 7길 180
1ea866c6-161b-48e0-a854-1de93b9eccb5,채은지,Female,18,2006-01-08,안양 동작구 67길 135
a80429ae-0f9a-4d92-b2f5-43fc84e38fbb,우윤아,Male,37,1987-02-12,사천 강동구 41길 180
8d77781d-9563-4bb1-887a-99406bacc2d6,노보람,Male,31,1993-03-12,광명 동대문구 109길 50
a361ec13-00e1-4fac-933b-6a0a5f59bee5,소보람,Male,56,1968-09-11,문산 서초구 98길 195
ff913698-3224-46e4-b754-2c2cb4344481,배소율,Female,25,1999-03-19,이천 금천구 192길 40
87fa467f-560e-4a2e-9e3a-c1a45161b552,최정우,Female,15,2009-04-12,거제 양천구 189길 1
aa89b779-b246-421b-8dd5-ab71ad16a336,엄가은,Female,28,1996-11-24,안산 금천구 133길 106
9b652e50-d4a3-4666-b147-10f3ba481933,방다은,Female,35,1989-06-27,포항 송파구 103길 190
53922063-252a-481d-8dc4-f8fd9710d651,엄지안,Male,53,1971-01-06,김해 도봉구 13길 123
095467eb-745e-407f-b49f-9363991eed45,유은호,Male,63,1961-06-12,이천 서초구 104길 27
5d3dfb55-c2a0-44cb-b480-8e04d18d73cb,방보민,Male,16,2008-03-15,거제 강동구 2길 186
947f32f8-91fc-403c-b77a-8ba307cf9523,윤희원,Female,62,1962-01-20,대전 마포구 30길 58
807b4a92-6581-48f1-a5bb-46959e6cc37f,노서진,Male,42,1982-09-21,성주 도봉구 198길 2
5d7045a3-76fe-4107-ab94-35dac0c33bac,소은호,Male,26,1998-02-28,인천 노원구 120길 184
02670d3f-9ec4-4d56-b0ae-d6d8b7900bff,김지혜,Male,37,1987-11-09,진주 성동구 27길 48
8bd5056b-8f46-4b49-86a8-20d958b3150f,윤지혜,Male,39,1985-07-30,성주 송파구 146길 36
94f7b4e6-467c-41b4-968b-8cff2312e52e,차가영,Female,35,1989-07-19,여수 도봉구 181길 140
baea7723-d8e3-4efa-99b6-4622e7d744f3,박주원,Female,39,1985-01-19,대전 마포구 177길 118
46cbea32-a438-439d-88b2-c00e30c44581,성지민,Female,46,1978-10-23,사천 성동구 196길 134
50ae8596-9ac3-4e26-93a7-7ef3f27ca5db,송민준,Male,35,1989-02-11,성주 강서구 17길 134
608dd27c-3b85-409e-9536-1fda8dedf8a7,신서연,Male,51,1973-09-30,전주 강북구 47길 19
7eaa0dd2-757b-466a-892c-7171052a7dfe,방수정,Female,43,1981-11-26,인천 동작구 179길 193
68148822-c0ee-4808-8bab-574aa46c924e,노지혜,Male,57,1967-01-10,창녕 노원구 64길 14
8a5e6a80-956b-4676-97c7-5ba709026deb,차희원,Male,15,2009-09-24,성주 종로구 58길 181
7bb41949-f53b-4b12-ae99-ae50c3cfae88,목서연,Male,61,1963-02-28,양양 동대문구 170길 65
c15d84ad-5a77-49d6-95b2-cd24e7a8ca28,추민서,Female,28,1996-09-17,김해 구로구 129길 69
caa072d1-647b-4cdf-90a3-de870608b5ea,여희원,Male,52,1972-08-18,양주 마포구 58길 136
28b9adeb-db0d-4658-859f-9cd0c0cd8ca8,윤보민,Female,61,1963-06-14,춘천 중랑구 125길 102
31e19881-3e60-4d34-9d39-13d139bc0cbd,안수빈,Female,19,2005-01-02,사천 강북구 178길 5
3b5c4bd6-9e97-4cdc-a48b-7126f238fa7a,황하영,Female,55,1968-12-20,이천 은평구 50길 142
3f33e729-b4f1-4818-9916-9d2ea4fc31d7,추하영,Female,51,1973-08-11,광주 동작구 166길 41
60d37be4-db7e-4834-8549-d9b8d6fef10b,우보람,Male,56,1968-04-26,사천 노원구 54길 122
b9639d7e-ef35-448b-bd92-e1d7d219b32b,류서현,Female,43,1981-05-31,성주 성동구 103길 3
f386f8d4-c4a0-4e1b-8d32-fd60c6d4713f,유하영,Male,37,1987-07-18,대구 송파구 86길 34
e0d6f8d3-38f9-448a-a868-d4a56588f910,길상우,Male,60,1964-03-30,용인 강서구 193길 114
3e2313d7-22be-40cf-abc2-29627f7a51c7,강보민,Male,57,1967-01-29,구미 양천구 172길 16
502e91b0-aa1c-40d0-ac22-da74f170d2ec,오가은,Male,17,2007-07-01,안산 은평구 49길 87
7a5407f0-0ff5-423f-8df4-77221fb34a77,추민규,Female,13,2010-12-24,안산 양천구 44길 167
bb4ddc08-7a9a-452e-8816-3d5ecba206a6,함서윤,Female,17,2007-06-10,포항 동작구 121길 97
a402ebb6-9182-4797-9f80-65f0906a3f89,설가은,Male,20,2004-10-12,서울 중랑구 72길 71
65fe578a-ae9c-42b9-9c9a-da72dd4ab802,노정우,Male,48,1976-03-30,부산 금천구 116길 192
bc0d9763-1839-43de-a72c-183fa4441a07,설은호,Female,23,2001-10-23,천안 강남구 192길 138
851adab6-9486-45c9-96ed-3347fbdcb1a1,소하영,Female,23,2001-03-07,하남 용산구 132길 114
d7a6493c-ec01-4e87-9d0e-f0c867a5d318,전보람,Female,43,1981-11-24,춘천 동작구 191길 115
3f7e30ba-42e8-4b14-9af9-6c966d5b866d,차서윤,Female,50,1974-07-07,성주 노원구 147길 109
cd4d0fff-0122-43d5-89f3-141978117a5f,박유빈,Female,16,2008-08-29,안양 은평구 10길 67
22f319be-bfa1-4cca-a670-18c818457955,황희원,Female,15,2009-10-16,부산 광진구 107길 110
636d9982-2429-491b-bbfe-f2954e14a08a,윤유빈,Female,15,2009-06-29,포항 중구 148길 169
adcb0548-14d3-4337-bf28-7df5beaf7ed7,유서연,Female,44,1979-12-04,여주 서초구 172길 102
02caa279-c1b3-4f43-9c2b-dbd60ef48b11,추지혜,Female,25,1999-08-13,시흥 강동구 93길 62
95c0fcde-ceb5-4e3a-804f-494f383170be,배서연,Male,21,2003-10-28,구미 광진구 155길 45
4f6d6039-fc1a-4fb7-89b4-73c8d7dcbb44,길가은,Male,15,2009-01-12,구리 동대문구 132길 168
a67ae961-b944-457c-92c8-61f3dcb0d6e5,황가은,Female,40,1984-09-20,김해 송파구 87길 106
02a3d6f1-9351-48bd-9855-c540df3afcfd,강현우,Female,61,1963-03-16,남양주 동대문구 121길 191
f1b3bdcf-330c-4e05-bd7c-df2977e2710e,배예준,Female,55,1969-02-27,전주 용산구 177길 11
7f6ac847-0c39-416a-b5f8-2d1a6136c111,송은지,Female,52,1972-05-31,성남 노원구 169길 82
d8fed601-b3f9-4f21-9025-7e0613e75a6c,우주원,Male,34,1990-09-25,창녕 도봉구 135길 77
3d63430f-9ce8-4375-9704-b80282583f28,유수정,Male,15,2009-03-23,안양 성북구 42길 26
e7bfd55c-b769-4b28-8a1d-3e8c69454061,안다은,Male,31,1993-08-29,여주 종로구 23길 158
75bab5a7-2a50-44c5-b369-599a056af328,진유빈,Male,15,2009-06-05,속초 강서구 20길 64
880105c6-67ab-415a-958d-61d1181fc6cf,엄찬희,Male,50,1974-11-28,양양 동작구 6길 158
c03eb1f7-d760-4b4e-85a9-3744def8f4b9,채지민,Male,17,2007-09-30,구미 노원구 132길 45
502fa26f-22d0-4fb6-8455-a064f9c70e96,배다은,Male,23,2001-01-31,안양 성동구 166길 197
cab581ed-d290-471d-948f-72a3a9fcbfee,구지민,Female,24,2000-01-05,거제 강서구 158길 199
3b0f046f-8e0a-4d00-a62a-62b3d2c1eb32,정서윤,Male,36,1988-05-16,계룡 도봉구 191길 148
4ff570ee-31dc-48d6-a9e1-397c630c2c7f,채윤서,Female,64,1960-05-18,김해 동대문구 40길 176
1238c2a2-5cfa-4f83-9625-900b315895fa,차경민,Female,42,1982-04-16,춘천 광진구 78길 97
72d4a809-02d2-4f08-9762-c155dc81f442,송희원,Male,27,1997-05-23,안산 강북구 83길 90
a0f978a8-1ea3-422a-8221-ce3d4d96635c,노민규,Male,45,1979-04-15,시흥 종로구 94길 39
db0fbd81-f00f-4382-83e7-dccfaa5f86f9,방지안,Male,64,1960-03-25,문산 서초구 89길 15
c4d726a6-8b76-46f0-8bdb-36037958720e,성재원,Female,33,1991-01-25,광명 구로구 31길 31
f27c1f0c-d6c3-43bd-bd23-3a446693e519,우하영,Male,24,2000-01-15,여수 강동구 75길 67
d93bdbb0-d8d3-420d-aa62-a58bf4e958ca,함다은,Female,32,1992-01-22,용인 은평구 10길 66
2744d395-6161-4f4b-ae9e-30e44a968e40,민유진,Male,32,1992-07-17,제주 강북구 86길 100
1a221f25-74d8-4902-bfc5-34937c88d52d,목상우,Female,23,2001-09-09,김해 서대문구 113길 170
d0a36659-3a64-4d23-990d-cd61ada6a82e,유가영,Female,35,1989-11-11,광명 구로구 46길 149
c8f688fe-d471-4966-8e7c-9e08362a166b,함나윤,Female,45,1979-11-23,제주 강북구 139길 129
c27b6521-b5bf-4b03-a0d7-d8d2f8976917,채찬희,Male,20,2004-05-27,구미 강남구 183길 21
17a956cf-b76f-4b65-b807-ebcaa5de05ec,오가은,Female,16,2008-07-07,여수 서초구 132길 91
01e820f0-875b-48d4-90e1-d32a1cc53686,표보민,Female,20,2004-05-02,평택 금천구 185길 139
062c30a0-2942-4f17-b0d2-ab4682386d7c,목유빈,Female,47,1977-02-16,양주 성동구 171길 59
6080e62b-fdb2-4389-a86c-ed218e0db33a,방하영,Male,26,1998-05-29,전주 중구 119길 42
d4d61092-25b0-471e-9c79-af901d268fdb,신수빈,Male,64,1960-09-12,성주 강남구 104길 111
d7456859-4bd5-4a13-88a4-4113e0263e38,유보민,Male,59,1965-06-22,창원 중구 26길 28
588e16be-6363-4a0a-858b-6a6a19601488,류정우,Female,25,1999-11-11,부산 강동구 7길 21
e5d8362b-5e80-49d6-934c-b55baaf2da8d,배민준,Male,57,1966-12-27,수원 강북구 39길 61
d40a8caf-13cc-427d-88a1-3680ec1c7b3a,진수빈,Female,27,1997-11-25,천안 영등포구 11길 65
e0e9947a-c66d-466e-8531-88ebc1166686,여수빈,Female,22,2002-03-13,포항 강북구 168길 40
639f05f3-779f-4f46-ac1f-d4a6cfb07730,우보람,Female,48,1976-05-06,전주 종로구 110길 188
8ca48b50-68e1-4176-aa33-ba5c4a446fe6,함도윤,Female,64,1960-05-08,성주 강서구 34길 138
c6e5141a-6f70-43a8-b1ed-1b7195faf4b9,임진우,Male,25,1999-02-20,전주 금천구 164길 84
6f452e98-98ce-4bcc-bd31-f76a74cbacc3,채가은,Female,58,1966-10-24,시흥 광진구 187길 54
7c141952-cab8-4305-935e-47b4218d5416,이서연,Female,25,1999-03-09,문산 관악구 13길 114
d54bd81f-e574-45bd-985c-2fa6d9eba6fd,여지안,Male,55,1969-01-23,안산 송파구 128길 81
f20e1702-e8cf-4537-b5e0-471edd8c0d3c,강은호,Female,59,1965-10-08,여주 성북구 120길 9
3d12efa3-eac7-4a8a-8be1-a75702544990,민지민,Male,37,1987-11-11,김포 송파구 152길 95
5371550b-293b-43c0-bd99-57f4a4ada807,유서진,Male,25,1999-07-05,계룡 동대문구 152길 86
c7f48ed8-e299-4b43-8e86-577fe028922e,민지민,Female,46,1978-06-11,성남 양천구 120길 155
8c408056-b5c4-481e-8ba0-18b18dcd4ea3,탁가영,Male,61,1963-03-22,천안 중구 115길 196
04c61849-c8cd-4291-8f29-5c809fbfeb8c,노은호,Male,44,1980-09-20,고양 성동구 32길 29
18c65f24-0803-4393-abb9-dde7b92544dc,여서진,Male,39,1985-11-04,안산 구로구 75길 88
5efcc4e2-eb2d-4514-ade6-c590f355e65a,배하영,Male,55,1969-05-24,속초 중랑구 129길 169
4fab9a02-dc6c-435b-9f72-47d04b756080,진상우,Female,31,1993-05-10,평택 구로구 53길 17
7e7ed59c-57c4-4f01-af2e-6a49c9ab68aa,류민규,Female,55,1969-09-30,광주 영등포구 124길 44
bfee9ef2-e4dd-4957-9c80-62d4e71c76b3,윤서윤,Female,59,1965-05-17,구리 중랑구 108길 192
74113b96-1c79-45ad-af1c-6235be075180,노나윤,Female,52,1972-09-13,성남 동대문구 136길 85
6f521f8a-761d-4fa3-a904-71bbc4c73e0f,서서현,Male,32,1992-06-23,김해 마포구 133길 110
ed7803d8-c7b0-4c24-94f7-535c866ebf36,김서윤,Male,47,1977-03-19,수원 노원구 165길 197
97869df0-1180-4dfd-9584-6ce7b097636f,설예준,Female,36,1988-11-07,천안 영등포구 156길 20
8ab237aa-51d0-4f30-adcd-c6c552a1a584,기소율,Male,24,2000-07-20,이천 금천구 55길 17
7783e11a-100a-467d-acbd-d3431a1970b7,추하린,Female,62,1962-07-10,인천 종로구 130길 192
b210e8c3-961f-440a-82b4-2c28c49a85ef,길선우,Male,21,2003-02-16,부산 종로구 66길 98
b8e04c99-6521-43a1-81b4-89d0626c7c6e,류보람,Male,33,1991-09-16,전주 송파구 64길 13
dc7915cf-bf14-4fa8-bd94-c8f3eb6332fc,구가영,Female,34,1990-01-18,울산 송파구 178길 143
6850b8c0-711d-4ca4-a51c-4d16330b065e,김수빈,Female,53,1971-09-09,문산 서대문구 157길 76
a8b7ef60-b0a7-4e2b-8279-76b2700cc256,류서윤,Female,26,1998-09-11,춘천 영등포구 11길 200
9da8eb7e-7da0-464d-b319-6846cf6ba942,유나윤,Female,54,1970-10-12,속초 구로구 18길 14
9c6c9a1b-c6e8-4ea1-85e0-40cbabee1a59,목윤아,Female,42,1982-03-17,사천 중랑구 18길 167
33957bfd-fb0c-4bef-9f6b-a3bf5e57b06f,진상우,Male,14,2010-08-21,제주 서대문구 62길 116
2670ec79-5201-497b-80fb-bf275c37ec51,이가영,Male,49,1975-08-05,평택 동작구 183길 58
9434607e-61a3-4c19-970c-71f4dddd4aa7,성윤서,Male,52,1972-09-24,제주 종로구 106길 2
ece33319-936f-4df0-8323-a189c288008b,임유빈,Female,42,1982-07-29,창녕 동작구 116길 37
9a7297c6-7e3f-4e99-b13c-6ee256f280a4,방경민,Female,22,2002-08-15,안양 구로구 33길 101
0fb48658-a28c-4668-adf9-31db017ae1a5,표서현,Female,38,1986-06-10,거제 관악구 7길 168
e2c6c26e-9fb4-497c-bfe5-d7cb70a765fc,윤소율,Female,51,1973-03-05,양주 강서구 16길 142
55db4c19-17d2-4339-82a2-88010e2a59fb,전주원,Male,21,2002-12-15,여주 동대문구 20길 194
d943a810-3c94-46ce-b50e-f3c8e6c50198,기서준,Male,28,1996-09-09,양양 동작구 124길 184
fa657536-0c7b-4024-b0ff-e5ffca0d63fd,길서준,Male,47,1977-04-07,광명 서초구 56길 23
58402492-ed65-4c82-862c-009b6b1d1e5a,임유빈,Female,44,1980-03-08,서울 용산구 184길 87
9668f237-4e98-4b45-b5f0-9aa6aee84a1c,우지민,Male,40,1984-04-25,구리 용산구 114길 26
816059f7-555c-461c-bc72-6692333d4fcf,유지혜,Male,33,1991-11-30,고양 송파구 100길 80
3ca24824-6075-4ac3-9d88-4a61734ea412,오희원,Male,50,1973-12-18,창원 도봉구 17길 39
65699dee-2b80-4bcd-b117-6e7dd9b485a8,배서연,Male,19,2005-07-09,제주 강북구 141길 148
fce38aa8-1afc-480e-8c35-78381a85d34b,우수빈,Male,26,1998-02-18,이천 강남구 164길 143
0cbe0da2-bea6-49ea-8d61-ae986ebd1afa,이은호,Female,63,1961-09-22,부산 광진구 109길 83
86c2294a-55fc-4da0-9e75-b1526f192617,길보민,Male,22,2002-08-05,강릉 종로구 114길 97
8c3bacad-e050-4da5-81ba-ae9bd64fd0b1,전가영,Female,40,1984-11-09,문산 중랑구 14길 126
948e2ed8-7901-4e7c-a9bd-0e9399cdb21f,성유빈,Male,50,1973-12-02,김해 성동구 108길 158
b51b4bd3-9742-4334-99dd-69784f43ab35,변상우,Male,29,1995-01-30,평택 강남구 142길 80
b0f91b97-24c1-4169-b3fe-14e4936e7dfe,서수정,Female,31,1993-02-05,울산 금천구 4길 125
2d0246fe-c167-454c-92f7-308ce6cc4bcb,변현우,Male,45,1979-07-15,구미 금천구 188길 192
580f5e27-e41d-4cc9-9b07-5a089c42fab6,진다은,Male,44,1980-06-06,수원 금천구 175길 85
c09be284-1ec1-448c-85d5-ff4dc7e05335,민소율,Female,33,1991-08-30,진주 용산구 154길 169
ba8bf47b-a03a-420b-b77d-e067776731f6,표보람,Female,62,1962-07-31,상주 은평구 40길 157
8f5d9b44-c7c9-4e43-813d-12377714116b,신민서,Male,39,1985-10-11,전주 동작구 144길 93
c43436d5-9b14-47d0-b410-0f950815d2ce,조수아,Female,45,1979-07-16,대구 구로구 177길 73
1dc81bc6-a556-4015-981c-202e85460526,노수아,Male,17,2007-08-08,계룡 성북구 183길 97
8c745498-5f7e-406a-bad5-2c06003a7159,윤보람,Female,47,1977-03-17,구리 양천구 191길 169
7f967d09-fd7d-474d-b4cc-bb4cf214fd97,설하린,Male,35,1989-06-23,여주 강남구 142길 135
562e596c-168a-46fc-a427-0faa3e784d6b,성현우,Female,38,1986-11-18,광주 종로구 69길 21
26cca479-aef9-47ce-a913-946228cf70a3,박다은,Female,45,1978-12-16,구미 양천구 107길 38
bf32fc46-96f2-479c-87e4-5951965291e4,엄하린,Female,58,1966-09-04,전주 동작구 110길 49
d6172471-469b-4d28-82ab-d9f512eabb08,전서진,Male,53,1971-07-10,구미 동대문구 116길 160
75c47a8a-b818-4992-8483-e72ef22081cb,이윤아,Female,58,1966-06-30,시흥 강남구 75길 39
bcbdc7b9-6363-46b8-b04c-75d9af083c14,김은지,Female,33,1991-06-06,용인 중구 2길 35
530914cf-e2e8-482c-8223-3ac2b18714a4,기보민,Female,56,1968-06-07,상주 서초구 192길 192
f0ea9d4e-c941-492e-8479-10ebaf621471,김도윤,Female,16,2008-05-19,평택 성북구 169길 179
48e5dc6d-7a79-4af4-8be4-f7ca5972e19c,염가은,Male,45,1979-05-24,강릉 동작구 140길 144
6f642452-ed32-4b94-8a8c-6bfe7de14471,추선우,Male,38,1986-04-22,전주 동작구 145길 48
17595619-d504-44eb-a759-e7d0780deaf9,구윤아,Male,63,1961-02-06,하남 중구 123길 98
2f383891-b14b-442b-85f5-137504946b20,표다은,Male,31,1993-02-21,울산 강동구 87길 93
5ade312b-0c47-4c13-92ef-e78b7a17c596,김수빈,Male,24,2000-07-13,용인 성동구 17길 84
4c1d6db7-0508-489c-96af-557b6314b751,이지안,Male,54,1970-06-21,성남 강동구 68길 176
5e9a06e7-1492-4400-bba3-3af2708cf0d1,최보람,Male,56,1968-04-13,서울 용산구 85길 14
7d00e063-10c1-4be5-8e63-a3fc3f0428a7,전민서,Female,29,1995-07-22,전주 중구 5길 148
dc9c5b35-9309-46ec-a935-fd51fb3b99e9,성지안,Female,28,1996-06-19,전주 강북구 158길 170
848208f0-3189-443d-b504-1b6457dd78d3,류윤아,Male,53,1971-06-16,창원 서초구 138길 20
9f47754d-9a66-4beb-a0ba-c55e40350b9f,윤민서,Male,57,1967-01-21,춘천 성동구 175길 144
4850bb24-c9f6-4944-9542-619cd1e2aa4d,박가은,Male,41,1983-07-19,구미 은평구 114길 64
49b50695-0b82-49dd-aa8e-335798b5d985,서보람,Female,35,1989-10-22,제주 마포구 36길 98
2b1bbc11-a11c-4445-b49b-cf293e1b5a6d,진보민,Female,15,2009-10-11,창원 중구 158길 44
11513435-67a9-458f-9386-9c92fab013d6,채소율,Female,31,1993-04-27,계룡 도봉구 109길 90
4b6a6878-118c-45a2-b9b4-a4b78260b76e,우가영,Female,20,2004-02-20,양주 광진구 62길 92
d42114df-8629-4b46-82bb-5581b315ad5a,채민규,Female,62,1961-12-19,인천 마포구 27길 151
b92b7c05-9e4d-4eb9-b7d6-8c3473f17c3e,추현우,Female,55,1969-02-12,시흥 서초구 101길 130
d8a40bb4-b34e-434a-adfb-2cfcedbd4cb9,함현우,Male,52,1972-02-06,홍천 동대문구 28길 83
572ea1da-1e8b-4978-a5e1-9adc78bc7213,황윤서,Female,14,2010-03-26,남양주 성동구 79길 53
7eea68f7-41f5-4dcd-b3db-9691f4176923,함희원,Male,35,1989-03-26,안양 마포구 198길 130
a9f05f56-feb6-48ba-9851-641798b20fec,유수빈,Male,45,1979-11-08,포항 금천구 119길 188
9e87c648-8798-4f86-9afd-c614b870681b,성지혜,Male,21,2003-03-18,광주 동작구 23길 142
e4f2c165-e682-4e24-82bb-d9998fd390b9,진민서,Male,52,1972-07-11,상주 송파구 139길 147
7936b9f0-0e13-4abe-af44-9880c18e0dfb,장지호,Male,50,1974-08-04,구리 구로구 129길 173
c2f07625-a910-4196-ad83-2e3990a8271c,조은지,Female,37,1987-01-28,대구 서대문구 199길 46
32cfafdf-b93d-4dbb-950a-3d4953af2f52,류민준,Female,51,1973-05-29,성주 영등포구 31길 17
f8a6fac3-7d8f-4e90-ba4c-b2142d0ecf46,우서준,Female,38,1986-08-13,전주 도봉구 51길 55
644f2bb2-5da3-48b2-ab4e-63e6b0b30ec2,윤은지,Female,33,1991-02-28,여주 용산구 169길 93
e20b887c-f527-4718-b2c3-449fa438e03b,성보람,Male,31,1993-01-09,양주 금천구 105길 130
df463e1c-980e-4e9c-8644-9dfe9f4770b5,조나윤,Male,40,1984-08-07,울산 중랑구 106길 66
61a2bdbe-4ed3-462c-8c2f-77e9ac7bc95d,목상우,Male,37,1987-04-28,광명 강남구 21길 97
f3199234-a205-40c3-8fdf-99459764fcf7,차지안,Male,55,1969-03-18,양양 강남구 71길 193
b689cbe6-4b76-4fd3-8e62-bb91be3a10b1,임경민,Male,54,1970-06-07,성주 도봉구 23길 123
6abfe072-dfde-4203-a867-cde01a61514d,한다은,Female,19,2005-10-27,김해 마포구 87길 41
8cf86d1a-cacc-48b2-8ea9-56426c65e012,민지호,Male,24,2000-05-28,대전 강동구 111길 133
619f9057-5091-4aca-963f-a5fac2687198,서유진,Female,32,1991-12-25,거제 용산구 24길 59
6fd9770e-34db-4056-a051-c9a3531b1df9,최수아,Female,31,1993-11-13,대전 강남구 13길 107
4aaa1e3c-8f1c-40a5-836d-35ae58886d09,민윤아,Male,42,1982-08-29,대전 강동구 192길 68
f138ce09-8612-4ec5-963e-7d45f4e7c2c7,황보민,Female,20,2004-03-17,구미 성북구 84길 88
96554ad0-ea79-47ad-ba42-e44169b58369,성서현,Female,20,2004-04-17,성주 서대문구 38길 36
b30a2971-93d1-47e5-a8a5-786af00a52c9,김주원,Female,36,1988-09-24,인천 구로구 80길 120
b6caa8cb-b63b-4c6f-9ecc-cf2ccd50548d,염유빈,Female,44,1980-11-05,이천 광진구 125길 49
cd7429c4-0cf0-4f92-b1a1-f2bb66565da3,황도윤,Female,22,2002-08-01,제주 광진구 147길 95
20d630fe-9675-4776-b065-6f5b7e1ddbe1,추재원,Male,64,1960-04-26,진주 금천구 46길 16
06f5f0e1-495a-43d3-95b7-90f7785821de,강서진,Female,35,1989-06-18,천안 금천구 172길 195
772149a0-15e5-48f7-be34-51a8af39a1be,함서윤,Male,36,1988-04-27,용인 강서구 71길 109
1221760e-b492-43be-b53a-5666858ebb18,장수아,Female,29,1995-05-01,인천 노원구 103길 163
e548841b-3ced-4052-9928-298a078da8ea,방진우,Female,24,2000-08-12,부산 동작구 153길 111
5f7ac2b4-eb9d-448d-8d0e-28cad107497b,오서진,Male,34,1990-02-05,광명 강동구 62길 130
0fe5ab56-2fec-4345-85f0-6877292f2e89,이민규,Male,39,1985-09-15,속초 광진구 28길 9
d87e5c37-5455-4b28-8d9b-ebc1f2d26248,조유진,Male,40,1984-03-23,김포 중랑구 57길 50
c38e1dbe-c8d3-4ee3-856c-e351d1e8c588,변은지,Male,43,1981-10-17,창녕 영등포구 35길 132
388ef32e-ca50-407a-aa4b-6fe58c8c35d0,강유빈,Female,42,1982-02-27,대구 광진구 50길 139
a1edb174-1823-4e31-8c0c-f711be9aeec0,안은호,Male,61,1963-11-24,서울 은평구 99길 69
75d5c024-bae5-44d1-a1c2-1d80630f5b51,염하린,Male,36,1988-03-05,하남 관악구 85길 3
1b9d7bee-a485-4867-b105-cd6bca8d574a,이소율,Female,24,2000-07-24,문산 중구 127길 24
773f7fcd-4ea4-42bb-a76d-9c97add8b128,여민규,Female,16,2008-02-06,광명 동대문구 19길 146
a5e186bb-6272-487b-822a-20d060ec303d,표수정,Female,58,1966-07-13,서울 노원구 181길 156
8b1a550f-e70c-4c1f-b7cf-e2b7e5988fb2,엄진우,Male,32,1991-12-03,울산 종로구 128길 120
30f12e6b-6b8d-4988-ab5c-8498c1aefb38,신나윤,Female,15,2009-07-22,이천 영등포구 54길 80
16472648-4079-4955-883e-adc083d31fbf,방지유,Female,50,1974-01-27,부산 동작구 176길 200
f1643cb5-b9b3-4f8a-b3a4-377b34c5a7f6,유서연,Female,53,1971-04-14,여주 서초구 186길 85
e4200450-db50-44af-9fc8-657552db6c20,염경민,Male,64,1960-03-30,수원 관악구 26길 90
aab41cb9-8d6f-4256-8b2f-75d4c9c7a6f7,송지호,Male,33,1991-02-11,사천 서초구 27길 147
925819aa-3e64-4af1-93b8-3014fd14b4de,변민서,Female,34,1990-05-19,대구 강북구 13길 81
3fea3827-bd62-4637-bfd0-9ef2e283a98e,설가영,Female,16,2008-04-08,양주 마포구 17길 125
8ec2a96c-4cd3-4b79-83c7-d08217deaee1,박민규,Female,20,2004-03-26,홍천 동대문구 174길 134
0fdc0896-9da0-4f02-acc3-d56c4fad2f6e,함하영,Male,26,1998-09-20,상주 관악구 187길 176
95c1eb55-7ffb-44f5-8f4d-a06a62b22df9,탁민서,Male,17,2007-01-24,하남 성북구 197길 53
73c1b4f2-ba83-40a3-aecf-17ca59e25510,오지호,Female,33,1991-10-05,안양 중랑구 5길 79
6368e8b9-fa1e-4b39-bd32-171119879a96,배찬희,Female,36,1988-07-19,안양 성북구 130길 145
47774cdb-752c-4fc1-935f-9bfcbd877d42,박진우,Female,15,2009-10-01,용인 서초구 162길 173
d06fc3cb-df8d-428b-a0de-763d6961bb90,최윤아,Female,58,1966-03-01,구미 서대문구 44길 29
2c22374d-6713-4aa5-98da-731af1009d2e,강하준,Female,17,2007-04-04,제주 강남구 184길 133
44d34b25-802b-4f86-b78d-1bcc0937a8f0,표현우,Female,54,1970-10-24,안산 용산구 176길 116
1c9c0683-25bd-449e-a830-66c75eda6e5a,진희원,Male,43,1980-12-28,포항 금천구 189길 200
6eb83a94-3459-4326-8209-f4e74416b58e,임희원,Female,53,1971-01-13,구미 중구 163길 116
dfe351f4-9c38-49d5-be45-4442e5556598,소지안,Male,62,1962-01-23,홍천 중랑구 68길 38
b554c943-da2c-4302-9fb0-c1edc122a49a,황은지,Female,33,1991-05-13,하남 동대문구 146길 71
5a56928b-b52c-4467-8a47-aa914ce1fa38,기서준,Male,54,1970-10-26,안산 강남구 192길 156
3b8aa29f-53aa-4b6f-9f9e-6d07e362231f,민윤아,Male,34,1990-02-25,시흥 강서구 128길 193
615e9350-f4de-42cf-a9bc-be831aa1e388,전찬희,Female,59,1965-07-05,계룡 서초구 62길 50
a7f1b710-2612-4f31-823e-9d0263e1f6bc,진민서,Male,16,2008-09-24,양주 중랑구 92길 58
8c1d5964-5767-4196-ab3f-580db65590d4,오주원,Male,55,1969-06-19,여수 도봉구 31길 181
37e89c51-98b3-41d0-8c04-d39eae2925bd,한서준,Male,28,1996-10-29,수원 금천구 28길 80
824c39f2-c4c2-404d-a189-5a5f3f81d4ba,우지유,Male,20,2004-06-01,광주 종로구 182길 99
7cedb8f2-491d-49ea-a181-cd643baba5d9,염진우,Male,14,2010-05-04,광주 용산구 19길 74
5e19165e-cfdb-4eca-b550-16405335caa6,구현우,Male,63,1961-11-09,창원 강서구 41길 3
233c3b3f-c06d-42d0-89dc-6a4c76a9e700,방수정,Male,57,1967-05-28,홍천 도봉구 110길 194
0d4360a2-7d2f-45cf-871f-15ce2a48030d,우소율,Female,23,2001-03-16,양양 강동구 68길 17
a717a681-1ab3-48d4-be27-08490fd5aa90,안민서,Male,33,1991-11-26,광주 강동구 111길 85
1e0d4939-f001-47d1-a69d-de6cdbdd0cd3,채소율,Female,39,1985-06-18,거제 광진구 66길 24
a607c5c6-d8dd-403c-9584-a7aa22181c05,송지혜,Female,56,1968-01-07,속초 영등포구 43길 129
344fd8f7-a1d9-4eb5-b948-7e499ff1ec6e,안지안,Female,37,1986-12-23,울산 관악구 27길 57
ebdba08b-4597-4f96-826a-7142f2a8ce45,목수아,Male,44,1980-04-30,제주 노원구 57길 4
aff46a69-de7d-4731-92e4-be50555d2bff,서지혜,Male,40,1984-11-26,거제 서초구 128길 38
e4742740-1b27-4d12-9361-51f9fbb0e36d,박도윤,Female,29,1995-04-12,용인 서대문구 181길 166
2d22448d-e69a-4cfb-aa11-c463a39453f9,차윤아,Male,47,1977-07-02,포항 서초구 85길 68
7317cb36-99f4-4800-bd2d-88d36e859ebb,탁지안,Female,24,2000-09-12,홍천 종로구 30길 138
72c749af-dc8b-48b0-827e-5a8c849bcdba,정서연,Male,16,2008-08-01,수원 구로구 99길 83
3e962b64-e17c-4019-8d39-26ccf4dd3ec9,표찬희,Male,28,1996-05-28,시흥 은평구 17길 153
4f53d064-c140-4a22-b7b1-c2a164f0cb14,서지호,Male,55,1969-02-22,시흥 도봉구 166길 21
f73d8862-e487-41eb-89e9-69edbb9a0b20,함현우,Male,53,1971-05-17,서울 강북구 133길 144
2f37c391-24eb-4426-94de-305bf21639cf,안경민,Male,35,1989-03-22,전주 동대문구 173길 189
165a0e8d-ab60-44cc-98ce-e317a7adaf7b,오재원,Female,40,1984-10-25,고양 동대문구 161길 15
00070ff9-49fe-445d-b607-58101709200e,채예린,Male,52,1972-04-19,계룡 광진구 187길 75
1d9cde0d-724d-452b-a566-4e4d5ea32f83,함서진,Male,37,1987-02-17,평택 종로구 7길 192
64aa584c-4edc-4b72-abcf-76390555f23a,오선우,Female,39,1985-02-04,하남 중구 30길 57
0153a455-2ddf-4075-9bce-cf20db18a654,오수빈,Male,52,1972-10-06,광명 송파구 37길 145
51504792-43cb-4f58-9445-befba055691f,류서진,Male,20,2004-06-29,안양 중랑구 54길 47
70bea330-770c-43f9-aa02-92271c3e93a6,엄민준,Male,23,2001-11-05,사천 은평구 81길 71
dfe362e4-af46-4274-b40d-2d508caf8792,전서윤,Female,55,1969-05-26,김해 도봉구 14길 146
4fefd52f-8d04-4fbd-bccb-02bf6e405d17,탁유빈,Female,51,1973-09-07,부산 금천구 50길 29
fab66e70-a256-4173-9812-ce7012b4d931,오윤서,Female,43,1981-03-19,양양 강남구 146길 45
f6a19789-f8af-442e-9032-de6e91a41de2,조보람,Female,18,2006-08-19,광주 강북구 93길 73
eebd44c6-ad79-439a-b99a-cbc72d97ec4e,엄나윤,Male,61,1963-04-18,문산 구로구 200길 145
8fcffe8a-0e07-43c4-9378-814a8f91f849,차소율,Female,38,1986-03-15,여주 광진구 70길 26
347f984e-1262-4a33-96b0-d613cbc869fc,전민규,Male,21,2002-12-14,강릉 중구 57길 21
8f0b7327-1f1b-45f5-bc9e-bf51b48855d9,성서준,Female,32,1992-11-20,문산 성북구 8길 29
fb80a6fe-4a35-46ca-af41-98de9d01b33d,최은호,Male,36,1987-12-20,진주 강동구 34길 91
fb873390-9651-40db-90e3-8cd88fc3c6a3,임하린,Male,35,1989-04-06,양양 서초구 152길 129
dbe7c748-f66e-43e8-87b0-c40c27e27f3d,길서현,Male,25,1999-07-20,구미 구로구 195길 64
bf9ed746-2360-4b0f-b44f-e414744e627b,최하영,Male,16,2008-09-17,용인 도봉구 85길 3
7d5fdea6-f596-4f00-9580-5e2c93193be8,강주원,Female,24,2000-02-23,김해 강서구 45길 14
31565586-4722-418b-a048-5d28b5550db0,추지호,Male,59,1965-08-08,상주 종로구 59길 154
5df908f3-c13d-4267-a721-d0089950ac14,유예준,Female,37,1987-04-29,대전 동대문구 22길 138
13dba35f-1198-4299-bbad-72647ea6bdb4,염서연,Male,24,1999-12-25,부산 종로구 144길 127
c8d4c3cf-28c2-4641-b0ca-d2610ba9f7ea,황재원,Female,42,1982-03-12,안양 송파구 21길 13
af0b3d73-94af-4ade-9806-8fb0d5fb3630,송은호,Female,26,1998-10-11,여주 종로구 122길 62
1c23d07f-e821-4e82-803c-d284815dd925,김나윤,Male,15,2009-06-26,인천 노원구 162길 3
16c876a4-6b68-4f78-9379-dc06ede6d9ad,차찬희,Male,33,1991-11-09,구미 마포구 51길 101
550fae43-8a0a-4604-aadf-a06bc7938f76,표보민,Female,29,1995-09-21,서울 서초구 129길 69
2e16f529-c6af-483d-a6e1-e8a4233d8e8c,추은호,Female,41,1983-10-29,창원 강동구 193길 113
89c06df1-d417-40b2-98eb-8f212f2d24b2,배지민,Male,42,1982-08-25,포항 성북구 187길 18
1224adb4-1123-438b-bf05-9cefe4c2a216,장지안,Male,49,1975-02-23,안양 서대문구 104길 52
158274bc-dcd0-4903-ab25-cc90e2239436,진지민,Female,14,2009-12-13,양양 영등포구 33길 52
6e1126ad-8139-4c94-9450-c70d6b01ecb7,탁유진,Male,19,2005-11-07,창녕 서초구 56길 15
18d59543-c64b-499f-85ce-6cf33cd7ffff,서하린,Male,29,1995-08-01,여주 구로구 177길 137
79601555-43b1-4239-b99f-971c8c78ec5e,강지민,Female,50,1973-12-02,구리 강서구 27길 136
e951c2c0-8530-44d9-a43d-9a57cef6b4b3,이보람,Male,24,2000-06-12,평택 도봉구 40길 103
1ff4522f-1f5c-46a2-86f1-8631657dd871,오민서,Female,37,1987-10-23,안양 금천구 101길 47
2a5c15d3-e70b-4add-8658-722c2a85b036,우지혜,Female,40,1984-08-07,시흥 강서구 103길 65
ddf9a056-6c68-45e5-ad3a-3750d6fd6ee1,정보민,Male,60,1964-08-16,대전 영등포구 195길 75
f7fe7efc-e384-4729-8264-3d3b9bdf902b,유서현,Female,37,1987-08-03,속초 동작구 161길 62
221be9a1-a4f0-4212-b7c4-91b577a85404,목은호,Male,57,1967-08-22,성남 노원구 200길 14
0d78a570-d946-4795-bf85-68003dccbd13,구진우,Male,58,1965-12-21,전주 종로구 33길 174
5822a8b4-f72b-4f9c-85ae-af27e332c327,정정우,Female,26,1998-05-27,상주 서대문구 101길 84
aefb69a8-8453-4c48-a8d2-96fd28a503f4,송서현,Female,50,1973-12-17,구리 은평구 19길 74
03f22477-afb3-409a-8f6c-aa87a08516ae,유은지,Female,33,1990-12-13,대구 동작구 92길 125
05e205bf-1d1e-4688-9c65-154dfb3a57ee,추경민,Male,57,1967-02-01,진주 성북구 8길 95
fee401d2-34af-4001-855a-234e53bc1890,우현우,Female,15,2009-11-11,여수 광진구 52길 66
0dc94086-1082-444f-96f8-78717b66c72b,최서현,Male,57,1967-11-28,광명 노원구 38길 145
a4cefb6e-fcfb-41bd-8f21-e56f1621fb00,염지호,Female,37,1987-06-01,여수 성북구 115길 78
45de5ce6-ebad-4d6f-947f-90405cea02c0,민지혜,Female,28,1996-07-14,천안 금천구 80길 128
e2579f86-b2a5-4327-967e-8a01cfb433ee,민하영,Male,18,2006-10-02,김포 중구 130길 165
7b28bcba-e9f4-4fc9-a36b-9792e024810f,황수아,Female,14,2010-02-11,양주 성동구 60길 84
5fbcfff4-cb52-4216-abbc-e26f699e0b93,이정우,Male,21,2003-10-28,춘천 광진구 116길 162
65fc13e9-78fa-4d11-a794-514a31e82652,염보민,Female,56,1968-05-04,김포 중랑구 2길 101
32421ad7-5917-4fb6-a94b-3e2669c2e99a,방민준,Male,20,2004-01-12,춘천 광진구 145길 23
f69ea889-b197-4b67-a0e7-8dccd524c5c4,진서준,Male,47,1977-02-27,창원 노원구 157길 103
616840f7-5dcd-45b7-9db4-e142caabc490,염지혜,Male,58,1966-01-19,문산 영등포구 86길 52
59ab5099-6858-4b6d-9757-56160439229f,소소율,Female,63,1961-07-26,전주 강동구 168길 166
6cf9e0b7-5eee-4bcb-9313-351db07020ce,진선우,Female,17,2007-04-18,속초 강남구 146길 95
7b09684f-bc9c-4b6c-ad02-8ce6b712f820,오하영,Male,23,2001-09-11,창녕 강남구 50길 199
e421ba49-be9c-4fe2-9766-97c9c4bb1689,류유진,Male,52,1972-07-12,전주 송파구 5길 67
40864cc8-4776-4c21-afbc-896df0a58d54,김서현,Female,43,1980-12-06,평택 중랑구 108길 83
2e981023-cd9d-4767-a921-c86791469835,김하린,Female,26,1998-02-04,진주 금천구 151길 191
ce2b5253-4cd4-43fc-a3c4-72fdff007d18,여민서,Female,53,1970-12-19,안산 서초구 6길 121
8cac86f9-7ad2-4f8a-87e6-3a4945739ae3,한도윤,Male,44,1980-05-08,김해 중구 143길 160
063e1a23-bb91-4e7d-8df2-f618f37ad58b,강민규,Female,40,1984-11-06,포항 용산구 45길 128
9a9826ac-2d34-48e7-b6b6-3eb2473de969,강지유,Female,61,1963-06-13,성남 강서구 118길 124
b01d4d35-98a8-4371-af66-f3edbfa3bf8e,장하영,Male,29,1995-08-04,남양주 마포구 181길 161
87b63d40-536a-4b8e-9f7b-f05d79e29bd1,박민규,Female,50,1974-05-26,속초 구로구 101길 87
f53f46a8-e1a7-4ea7-857a-338edde47704,염상우,Male,38,1986-07-04,속초 양천구 21길 199
94fa8c23-31f7-4b7a-aff8-e294c61eaca1,윤주원,Male,39,1985-10-22,김포 용산구 196길 5
dad9d6b0-c27d-494a-942b-73276db77a84,정예준,Male,59,1964-12-05,부산 관악구 146길 161
8362ae2a-65d2-4b9a-95c9-aceba68353ef,장도윤,Male,29,1995-11-25,서울 동작구 115길 57
8b0a8ba2-8417-4c63-8598-dda6b33b7f0a,윤가은,Male,33,1991-10-12,구리 관악구 177길 199
763c8455-d1c5-426d-bbd3-3de33bc996fa,박민준,Male,47,1977-09-24,하남 동작구 159길 128
35b1d9df-7ef2-4b79-9413-826a809dbda2,추지호,Male,21,2002-12-03,대전 서대문구 20길 108
16086fb2-e44a-4fa9-bb54-d42cda570630,진가영,Female,41,1983-02-12,전주 성북구 187길 5
1b19d58f-f721-448b-bcba-06b16bc25d13,소서윤,Male,34,1990-06-27,홍천 서대문구 20길 79
038f3d47-5c08-49c0-9683-ff5a32e0f449,탁경민,Female,58,1966-03-01,평택 강동구 99길 125
99707ed6-5684-4c78-ba75-341ff9df4f32,민지안,Male,52,1972-05-26,대구 강동구 111길 58
023097cf-aea3-4335-807f-502fca6f8f29,유지호,Female,15,2009-01-07,전주 서초구 94길 22
9bbf2e9e-f4a6-47f9-8778-a7e670b89093,정하린,Male,25,1998-12-17,성남 송파구 46길 135
6fa83f36-e63b-409d-bd82-302b48a7cf71,류상우,Female,58,1966-01-11,대전 서초구 36길 28
682b12e7-d1b6-4a0a-ad96-345c8c1cabb4,한수빈,Male,21,2003-04-30,남양주 도봉구 31길 62
0e152cab-2619-4f1a-88eb-390f6fe4a946,강수정,Male,29,1995-02-13,전주 강남구 100길 198
62c69624-3b9c-413a-8970-e464fe55bd28,배현우,Male,17,2007-06-03,여주 강북구 94길 57
905487e8-76ef-4574-8412-4642685fbe92,목하준,Female,41,1983-07-05,여수 성북구 40길 116
1e651b20-d52c-41a9-a622-fed327ac3688,황수빈,Female,26,1998-02-14,천안 종로구 116길 161
da16d978-f21d-4b6f-98bd-e1b5bbadd527,설도윤,Male,25,1999-10-13,남양주 서대문구 13길 60
8e738bf4-4ea7-40a6-af87-cbed6e3cee1f,채서연,Male,43,1981-05-30,남양주 강북구 5길 142
8fbcfa15-6039-4912-a083-e625bbe523fd,신주원,Male,14,2010-09-29,창원 강남구 47길 131
5df6927c-918e-468c-a396-0a8babc01951,신하린,Female,52,1972-07-10,창원 서대문구 135길 186
c23d2ae2-49b4-425d-ae46-59698f2badc5,안윤아,Male,18,2006-07-15,안산 성동구 112길 180
4d6b2275-245f-4333-b959-ec931233ddf0,최하영,Male,58,1966-08-21,남양주 도봉구 40길 13
969f2d5a-90f1-4786-abfe-4fc89a89ffba,신민준,Female,34,1990-11-19,여주 강서구 104길 74
e24c4849-7320-486f-9ba3-72b6ca676f3e,설가은,Female,48,1976-01-04,양양 종로구 155길 58
1b369828-d128-4b5d-b2de-6b10c60be884,방지유,Female,26,1998-02-11,이천 광진구 92길 125
ccf66a4c-56af-492d-a79d-7bf26e04cb81,한은지,Male,44,1980-02-05,용인 마포구 28길 139
b676d97f-0760-45b3-920a-a4fdb123789c,전서윤,Male,17,2007-02-05,양주 강북구 18길 120
8e7ed6e0-07d9-4ab3-bc01-21033e6887ad,방나윤,Female,47,1977-04-10,김해 강서구 160길 141
7b84de9b-bef5-45fb-b9b4-4d2ebe5c5eac,안민서,Male,28,1996-07-23,광주 관악구 104길 87
7a0350eb-f460-4615-a446-b0c075548164,노정우,Male,57,1967-07-06,진주 강동구 137길 195
d799fc48-4616-4015-b798-4d74a95d7de6,엄경민,Male,31,1992-12-29,안산 강북구 151길 130
f2f763e1-8484-404d-bbd0-d4e1a3856d26,소지혜,Male,15,2009-07-03,고양 성동구 1길 138
5ba6c500-e43b-4d25-911c-25a1242c52bd,변지혜,Female,18,2006-08-18,제주 금천구 157길 128
6d18962a-0022-47d4-bc90-8c5efb7f06d8,민하린,Male,18,2006-04-30,대전 송파구 107길 173
bd4fe4d1-bb37-4b67-9821-71504853c66a,우윤아,Male,26,1998-07-03,성남 마포구 189길 113
5645f851-0a6b-486d-92f7-3c27792b9477,조윤서,Female,24,2000-11-15,김해 성동구 45길 179
0186bb25-560f-4488-a3bd-bc6bddb66600,여상우,Male,59,1965-06-09,전주 종로구 154길 132
b6a47f86-0016-49be-8508-cd3c817d13e5,이수정,Female,64,1960-05-25,전주 강북구 159길 89
1c74a6b5-6ab2-4ec3-b825-f585c4d1c18b,신보람,Female,32,1992-01-18,울산 성북구 85길 47
74247d18-12bf-44a3-829b-a17ecc82c520,배현우,Male,44,1980-10-01,포항 성동구 42길 85
aa2cf5b8-520e-47c1-8e85-8cc4dc020c76,함재원,Male,34,1990-10-07,이천 은평구 29길 105
9f012cc9-8b29-4f1a-bb11-f125cf674ec6,오희원,Female,40,1984-07-02,인천 양천구 146길 58
e511d043-bba5-483a-b140-b8e2819aa2d5,배은지,Female,26,1998-06-30,강릉 강서구 138길 176
4540e65e-2759-48ea-863f-4f8be122efa0,길하린,Male,46,1978-01-31,강릉 동대문구 52길 58
9dcfa59b-c58f-4f8a-9d4c-caaa435d3214,최하영,Female,61,1963-10-12,대구 서초구 124길 178
0015c086-b09d-4060-bc89-120fb3a698cd,신재원,Female,31,1993-06-08,여주 마포구 131길 40
f9978295-7af8-4614-bbef-f92529b955f6,노예린,Male,24,1999-12-14,계룡 영등포구 118길 128
0ff6ad4f-f2b5-42de-bc30-bbb8a55143cd,소서준,Female,17,2007-09-15,전주 노원구 67길 137
323dc958-d669-4e81-957e-5cf21e3c4b85,조소율,Male,52,1972-03-07,전주 동작구 178길 121
fb21b283-06e4-40c7-9e90-d6b4ee07a0b2,이희원,Female,28,1996-01-18,포항 서대문구 119길 95
719b53e0-605e-4edd-8364-d898ab83f4a0,우서연,Female,24,2000-07-06,광주 관악구 150길 135
72ab4798-b54e-41ca-bc6f-f529dbda0e8f,방가은,Female,28,1996-05-24,양주 성북구 9길 125
ac1f432a-2e8f-49f7-86a1-18b65d11dd8a,서윤아,Male,49,1975-05-16,강릉 성북구 27길 4
de379725-c9bc-4652-9145-9ec144259521,염수정,Male,52,1972-05-16,구미 구로구 54길 18
a47c3e8a-1f19-4451-9758-bc6554352ceb,송선우,Female,25,1999-11-18,안산 성북구 26길 153
63daf8a0-b424-49f8-aa90-4ded8f1e7c5e,목상우,Male,31,1993-02-25,구리 중구 133길 195
80d1b438-9a97-413c-8e16-94bf83a810c8,민보민,Female,50,1974-09-18,대전 강동구 181길 48
52d49588-7909-4fab-b6ea-ac6c5700d256,류나윤,Female,30,1994-01-28,울산 송파구 64길 94
541598f6-1390-459c-ab43-0d2ee11e233d,차보람,Female,44,1980-09-25,인천 강남구 78길 17
45526d14-0df5-4bfb-93f7-7d7e7f53700f,강은지,Male,29,1995-09-01,성남 중구 166길 18
9221615b-e0d4-4b3c-b9d5-1483a937cf53,노서윤,Female,38,1986-09-22,상주 노원구 123길 70
5af30a42-0de2-4c9c-8348-356406daf267,오지유,Female,20,2003-12-25,포항 성북구 156길 122
ae6444bd-9ec1-474f-ba73-2b051f7d3008,장찬희,Male,63,1961-01-09,하남 노원구 7길 99
c028d740-c0e0-49af-857c-e8d6437db917,오선우,Female,56,1968-10-02,고양 성북구 160길 155
afec3fa9-946a-47e8-ab14-b85e45aa984a,우예린,Male,19,2005-09-18,춘천 중구 26길 128
3e2c3a23-2bcf-4c91-a381-140b74d0e725,염경민,Female,37,1987-10-02,대전 성북구 83길 22
0da0e6c7-450e-400b-92fd-19d8467a2014,구은호,Female,46,1978-05-16,창원 송파구 20길 38
f08581cc-83bc-4b3d-b498-36671aac917a,송수아,Female,14,2010-01-08,김포 중구 152길 67
c00e0af0-75d7-490d-a76f-312f77eaaa90,황서현,Female,51,1973-11-12,광주 성북구 79길 121
6ae23129-07bc-48a5-a9b1-decd425d518d,진민규,Female,23,2000-12-31,여주 송파구 17길 32
541b153e-6086-4fe6-a2e1-4222616a4581,성민규,Male,40,1984-07-22,남양주 은평구 168길 113
69dfb98f-e15a-4bb7-963f-0a5c473812be,탁유빈,Female,41,1983-11-24,인천 양천구 123길 5
a7df827f-10ef-41be-bc8a-9ad95eb7f18c,윤가은,Female,57,1967-06-09,진주 중구 109길 84
ac97ad1b-d449-41cf-9e6c-fa925d5010a8,진찬희,Male,27,1997-01-31,제주 중구 182길 52
82a1d212-b6c9-4397-932c-0448a856427d,박서윤,Male,26,1998-05-04,인천 강남구 166길 19
04aecd9d-30e3-495c-a1a2-51126ab1f34e,성도윤,Male,39,1985-03-25,안양 동작구 103길 108
928698f5-4288-4054-aa5e-ed206b73b743,배도윤,Male,28,1996-10-28,춘천 영등포구 189길 79
614c66fa-f31e-461b-bec2-b5313441b25a,추보람,Female,21,2003-09-19,고양 서대문구 43길 82
2e46676b-f639-4932-a16d-0917756a1b8f,박은지,Male,27,1997-10-02,성남 광진구 51길 101
30fcf670-8405-4ae6-90ff-7f9e16932061,엄은호,Female,22,2002-06-13,강릉 노원구 158길 168
96111c60-28c9-4b1b-bc33-c20e322c3811,채하준,Female,37,1987-01-19,서울 강동구 173길 92
05c6f754-0f97-4223-b1f1-38fdfe025be2,송경민,Female,37,1987-10-09,광주 성북구 45길 48
154e72b0-25a5-45f8-b4dc-2d9ea7d4799f,김민서,Male,34,1990-06-19,시흥 마포구 38길 19
c2d1c756-66d7-4b92-8612-085398cc26cf,민하준,Female,19,2005-07-06,구리 금천구 91길 168
1b8cebad-e2e6-454c-8636-417931e12bed,민지안,Male,38,1986-11-19,천안 은평구 76길 39
56a313bd-c98c-4ad6-a3ca-a67d99ee9ad1,차정우,Male,44,1980-07-26,대구 강서구 147길 70
e6997a36-b2ea-4200-8316-50eb6b9822da,설서준,Male,29,1995-08-27,대전 양천구 73길 41
d841de82-de66-43fe-8197-c9de7e8bded3,민윤서,Male,34,1990-11-29,남양주 강동구 72길 55
e7284ec4-b8b5-4f3f-900a-6b1eb94862cb,표주원,Female,14,2010-02-14,강릉 용산구 89길 74
3e253244-df94-4945-be13-99c378668979,김현우,Female,14,2010-11-27,계룡 은평구 21길 178
22ab420c-9755-4c09-a662-78ad330a54d0,설지안,Female,48,1976-09-27,진주 광진구 40길 49
c4ea6366-eb4d-420a-b91b-0e13d6161bc9,차지호,Male,44,1980-03-27,김포 종로구 169길 80
4532df1f-488f-48d3-a831-40f771424d52,유지유,Female,62,1962-06-20,제주 송파구 54길 199
c4e75d1b-ab87-4f0d-9a34-02e8fe3de5b0,박지안,Female,17,2007-09-27,남양주 송파구 58길 168
363a47b0-9bc5-43b7-851c-fa8f71fc7187,표유빈,Male,32,1992-09-17,양양 서초구 80길 179
98c18d07-e630-4e7a-820a-fd3f1bb6d511,구지호,Female,64,1960-01-19,제주 양천구 1길 96
4e14fcf2-a2fb-48d5-a9b0-a1a502de87d1,오서윤,Male,52,1972-05-30,광명 강북구 58길 99
7f808d18-36d2-49a8-bc30-96e040e543a3,탁예린,Female,27,1997-07-25,양주 구로구 149길 128
aac7d6ee-2b36-4f3f-923a-89000ed30427,성민준,Male,55,1969-02-04,김해 광진구 122길 163
de74c9f1-b046-4804-a8db-8710d7024756,목현우,Male,57,1967-02-24,남양주 용산구 61길 64
7ed2ea2f-d29b-4902-9935-1051fd8256d2,정소율,Male,20,2004-10-14,성주 관악구 193길 80
ec5cce62-b93b-4e73-bab1-b6972eb1ceb4,차보민,Female,55,1969-05-02,거제 금천구 77길 69
fc8ba3d8-6adf-4ead-b231-5af134c0bf31,류하린,Female,45,1979-10-28,안산 관악구 109길 31
2ff3118a-4b57-4ce2-9bd7-35f911901a09,한하린,Female,52,1972-05-03,김해 마포구 94길 2
06374f68-5adc-46a4-9f7b-44bac7fea890,한지유,Male,29,1995-06-26,광명 용산구 63길 195
c2335d40-ccf6-4ed7-ad43-74764111a989,진예린,Female,16,2007-12-05,여수 양천구 58길 86
14467237-fa64-410a-a7ba-db15db9e69b8,목유빈,Male,29,1995-05-16,창녕 송파구 19길 155
0b5429b9-2962-4658-bb14-53fa31d616d2,엄민규,Male,58,1966-11-23,광주 금천구 23길 27
db89d4aa-b868-44e8-8449-a45d250b5c8e,전수정,Male,52,1972-03-14,하남 동대문구 149길 170
1ada2313-236d-4dd9-8154-ff67d366c779,유윤서,Male,48,1976-06-14,양양 도봉구 53길 184
e3737fd4-b227-4433-8369-6f7e69c2a488,조지민,Female,56,1968-06-03,성남 영등포구 153길 26
abe19356-d940-409a-9602-6cb5911a7de0,임하영,Female,33,1991-07-18,창원 강남구 71길 170
749222a7-9533-4149-b9d2-e4c7983085f7,황유진,Female,51,1973-08-30,창원 동작구 157길 119
5b945173-7eda-4095-a966-ae6a908b57d9,강윤아,Male,64,1960-08-01,수원 은평구 185길 166
97033e8a-c30f-4cab-b74f-728351bef173,길서준,Male,25,1999-10-23,울산 중랑구 68길 161
511650bc-cff0-4052-a0f3-d156fb0046db,차도윤,Male,21,2002-12-24,이천 동작구 196길 148
2bdecf34-40a4-4727-a50f-8d4ca5508307,노상우,Female,24,2000-07-28,수원 양천구 160길 16
bb93804c-462b-41f3-832d-b3f6a93e9e91,박가은,Male,58,1966-09-15,대구 중구 53길 82
bbd486fe-5a64-4b28-9d61-2921ad50567e,기진우,Male,58,1966-03-24,문산 은평구 75길 49
9a09e668-efdc-4415-bed4-d3b6b94ce54b,민진우,Female,46,1978-03-24,속초 마포구 166길 142
c928d1c0-b2db-4482-8097-c4cc2cd32725,송유진,Male,22,2002-02-06,수원 강북구 30길 111
86143210-d8b4-4310-b246-c6f51e765b6c,우하린,Male,62,1961-12-19,여주 성북구 141길 61
738b779d-ec52-4149-9210-bc925d72ff73,설지혜,Female,14,2010-07-24,전주 성북구 192길 150
ddb67b33-034f-4d4e-b28b-1ee7b6981b36,이가영,Male,23,2001-05-31,사천 송파구 62길 79
18079e07-4bd2-43f6-a95c-1b29ba038a7b,김지혜,Male,49,1975-03-21,강릉 은평구 102길 43
d412d834-e192-443f-aa78-cadc6a0eba4b,탁가은,Male,22,2002-05-02,시흥 노원구 94길 57
d12510df-1a58-430d-803d-e47042e260b3,노지호,Male,48,1976-06-17,춘천 성동구 192길 36
2029df17-edc5-46f2-a27d-c317e2c7e863,박민서,Male,28,1996-03-06,제주 강북구 37길 173
bf145215-7a1b-4a68-ba64-cfcb76783fd3,송서연,Female,15,2009-11-13,거제 양천구 114길 69
d95eb57b-8e40-43bd-80d7-2965fd12d5ec,장유진,Male,30,1994-01-11,상주 구로구 185길 166
a4f80c39-483e-4b11-ac12-86ecc0b497b9,류하영,Male,52,1972-11-27,전주 관악구 137길 70
51427b84-1b24-4399-b05f-1583d971ea22,신유빈,Female,52,1972-10-30,강릉 서초구 36길 129
2e6c78f0-d6e1-488b-a48f-73ca6c4c437f,노유진,Male,64,1960-08-06,고양 노원구 56길 53
77b6f270-d235-4552-8f4a-9c35d7abd91b,기유빈,Female,63,1961-05-12,전주 용산구 69길 172
45918714-62d6-468f-b480-e547ba8d2e61,변다은,Male,33,1991-10-30,제주 성동구 63길 25
2c55cbf8-28a4-46f2-afaf-f74fc4b81de4,송보민,Female,35,1989-07-27,부산 성북구 100길 124
73bbc46d-2f7d-4e1f-b378-6f17073bc911,박수아,Male,33,1990-12-25,부산 종로구 175길 193
4d3df29e-6afe-4ad4-9e89-f6347fa81b4d,엄재원,Female,56,1968-01-03,여주 도봉구 162길 134
9355f5bd-7fcb-4426-9fec-bedb21b3df64,정현우,Female,58,1965-12-02,대전 구로구 45길 86
33b4a671-5e4b-4343-aae3-5d32935b28bb,채수아,Female,61,1963-07-26,전주 구로구 149길 5
5eb62cce-2313-4b65-a727-98296403bb85,노하준,Male,52,1972-06-27,강릉 성동구 165길 12
34f73912-7169-4d62-abfd-eed654e65d69,박서현,Male,38,1986-10-21,사천 구로구 118길 45
3daf930b-4775-43dd-8ff5-8d24d63c4655,강지민,Female,51,1973-03-06,고양 은평구 30길 107
e3357656-bdf4-444a-be03-37d2876036b2,탁지호,Male,28,1996-06-28,광명 도봉구 163길 177
45c19c14-f8dc-4d9f-9885-8b0bd6435e4c,설나윤,Female,25,1999-02-04,구리 마포구 171길 28
6b15b6e8-2460-47a0-9230-a7ab46876e47,여서윤,Male,43,1981-05-24,강릉 서초구 56길 62
d48747b7-e6ca-460a-b516-1baef09b01a7,배수빈,Female,27,1997-11-30,계룡 강동구 144길 60
471c3877-3efe-4f9b-b4cb-a2bd044c7c6c,이지유,Male,34,1990-11-30,창녕 강남구 32길 163
456a8115-42a5-4759-b08b-03d3a48ffd19,유진우,Male,59,1965-11-18,상주 강동구 141길 50
37000e3a-d71e-4486-ab22-0ee3c1a65045,정윤서,Female,38,1986-08-12,문산 용산구 2길 142
8421ca1a-8aa1-4724-ade2-a1cfa0b0300c,유수아,Male,43,1981-02-17,제주 강서구 10길 46
1d2b8845-9611-4598-a918-1faf4ac4d467,한하준,Female,33,1991-11-25,상주 서초구 133길 166
574cdf1e-0df1-412a-bc27-512f5d6bc63f,윤수아,Female,34,1990-04-23,서울 광진구 28길 97
c2edf005-8edd-4251-90e7-41c17d38b9c0,진수아,Female,17,2007-08-27,대전 구로구 136길 26
8ab92aab-3145-437c-b9cf-f7ab87e59e2b,추주원,Female,56,1968-10-02,울산 관악구 46길 51
981c9e3e-be9c-4a1e-a2ab-f0007fdcaeb1,최지민,Female,37,1987-08-10,거제 노원구 8길 61
740f3a9c-9b52-49e5-8da8-ea7d8d25ee5e,배은호,Male,45,1979-01-04,속초 용산구 1길 87
075acd77-5f75-4299-946c-e3c5e44ddbe1,박주원,Female,45,1979-02-15,구미 광진구 21길 104
e1f73a70-f3f6-4787-80d1-f6e175589987,표하린,Male,61,1963-06-25,강릉 강남구 15길 149
b143ed0f-fb4d-4b93-a096-d03019bc2870,진보민,Male,35,1989-07-31,남양주 강북구 31길 164
51b24f0e-e42b-4f57-a460-d8e8a7b097b0,기민서,Female,28,1996-09-24,광명 동대문구 85길 101
2fa7d50f-3e1b-4056-ba2b-8f7ce34dfbec,진수빈,Male,51,1973-10-18,이천 중랑구 96길 42
3739a192-a95a-404f-8413-74dc01346955,전유진,Male,51,1973-06-09,광주 강동구 136길 68
cbd3f141-fffd-4f4f-a1a0-e4fe6fdff0cc,차재원,Female,46,1978-10-17,여수 동작구 138길 62
34ce1c95-e31a-45fc-8010-de83c3ba1f3d,오윤서,Male,17,2006-12-26,홍천 송파구 39길 78
e51e89bd-9f6e-41f7-8bf6-9104aad24142,이지혜,Male,20,2004-06-12,성주 구로구 168길 155
c9da2f5d-9dc2-42a2-a45d-fdbcbec7810b,염윤아,Female,57,1967-08-04,울산 송파구 183길 165
c9bcc4d5-08d5-40ef-bb0c-9dcdd3d35749,소다은,Female,26,1998-01-05,여수 관악구 77길 65
cb7e8502-fe57-4d84-a3ee-ec277991830b,진지유,Female,18,2006-01-17,시흥 강서구 138길 42
0b88215f-b60a-4419-bd28-ec8c08644670,장지민,Female,36,1988-03-04,서울 용산구 98길 18
5dd37390-b638-4155-bae7-189c7b1d5cd6,변보람,Male,63,1960-12-12,구미 양천구 107길 82
14e40dc4-7e20-4910-b079-ccb2e532fd7d,오찬희,Male,58,1966-09-02,성남 은평구 59길 145
7953dd90-0f1b-4b14-aef7-b7da3516c04d,이서윤,Male,59,1965-04-07,시흥 광진구 193길 18
114aa517-f6e1-4b76-8755-19eb84f2c4d7,탁다은,Male,23,2001-02-16,양주 강남구 109길 105
5992b909-a520-4a4a-b660-58d79317c990,김하준,Male,14,2010-08-25,제주 성북구 22길 64
74b1364f-e631-498f-86cf-36c73a9b1af6,전보민,Male,19,2005-02-22,제주 용산구 154길 153
cf5aa13c-8119-495e-8ed0-12cf4765ee3f,민하린,Female,27,1997-04-10,사천 마포구 127길 24
3fd3f14a-d0e5-42aa-a495-e59b5eb66069,탁하린,Female,18,2006-11-29,광명 중구 131길 57
fade87ad-9c3a-40b2-ba47-b4de0b157c35,오하린,Male,52,1972-03-03,안산 강남구 132길 92
03048531-43e7-4bd4-ad58-d83ee09bc803,배보람,Male,44,1980-02-08,사천 강북구 178길 31
0fde4ac9-f180-413c-9fab-9d31e48a865d,노윤아,Male,59,1965-09-02,고양 은평구 194길 126
72c2e897-42f8-487b-a5e9-900cf5706b46,기서연,Male,58,1966-09-08,울산 구로구 158길 34
15626539-7f08-4a89-b8cf-c2d4447eb5ca,민서윤,Male,33,1991-06-18,구리 강동구 184길 117
06023048-b622-4a3c-9c69-0b44c2118107,임재원,Male,52,1971-12-26,대전 용산구 3길 82
a47b62b4-871f-478c-9a1a-a95d401e888c,한지호,Male,14,2009-12-01,제주 동대문구 74길 168
27e3726e-afcc-4b60-b78e-df2a4caab0fa,윤지안,Male,29,1995-01-04,포항 관악구 185길 91
c9a8dfef-e170-47fc-81ab-cfa3e7742d8f,기진우,Female,35,1989-06-23,상주 광진구 37길 32
d8d54a71-1514-49c2-aba4-c809d3e1b098,한지유,Male,53,1971-05-31,수원 광진구 135길 124
27329482-a463-4a8a-af90-04a4fc8a3158,함민준,Male,18,2006-09-03,진주 용산구 70길 53
7ae7eeab-b93a-49d3-a141-ea7d7cf84f90,우하준,Male,55,1969-11-23,문산 은평구 172길 199
83ef9026-45aa-4d5a-b621-0a61f185b48d,류서현,Female,33,1991-09-22,제주 서초구 157길 3
670cb643-8c7f-40c2-8830-02c7bfa42525,박수정,Male,48,1976-01-12,울산 관악구 171길 121
f0f0a4a9-8a5e-432b-b9b3-1b7bc232f576,강지안,Female,23,2001-10-29,김해 성북구 96길 3
bc64be80-d5a5-4843-9eea-3e8915981948,변소율,Male,60,1964-01-16,울산 송파구 74길 128
be39bed3-5c13-4f3c-8171-284b84dd63e7,윤서진,Female,54,1970-07-14,강릉 관악구 170길 119
096bb252-9a2a-4726-beb8-eddf1a6691b0,윤상우,Female,44,1980-06-12,전주 강동구 89길 161
3eb4b9ac-2752-4453-951e-af4c04fb049b,서예린,Male,20,2004-09-12,포항 송파구 75길 132
59b3d700-7a10-4058-be4e-526b3bd4bd6c,황하준,Female,43,1981-11-07,여주 금천구 155길 85
079bfdf2-87a6-4057-be7e-bfa91b234b0f,김지호,Female,22,2001-12-21,상주 중랑구 52길 182
f550d3d8-8be5-46fd-8bc3-7515599cd17a,함은지,Female,49,1975-02-10,김포 성동구 86길 93
494a1800-57ce-42c5-a80a-c524de75af28,임도윤,Male,32,1992-06-19,성주 은평구 117길 90
833ddbda-0c18-42cb-b552-9bc21df18ad5,오소율,Male,18,2006-08-29,천안 관악구 184길 10
3b7f871f-1686-4232-ac7d-cdd7f03fe791,목재원,Female,20,2004-01-08,포항 동대문구 59길 28
ccc7ac3c-6859-4920-9ccc-6dd476905a87,추주원,Male,20,2004-10-03,용인 강북구 133길 155
d0b70780-3cd0-415a-b335-fb83b9fe4836,염하린,Female,47,1977-02-28,사천 동작구 182길 129
917a9fbe-9973-400f-bda3-a66cc3a529c0,김지유,Male,52,1972-01-20,거제 용산구 5길 69
639c61bd-752e-4ad1-82ee-072079894b1a,차소율,Male,22,2002-09-09,강릉 도봉구 162길 7
0685729b-ee43-4d5f-beb2-d1ff56b5a8e8,염선우,Male,53,1971-03-11,남양주 관악구 27길 31
f8e62b7d-a5a9-464b-ba68-285bfcce3c5c,변지호,Male,26,1998-11-23,김해 관악구 4길 50
9f6ad0e7-64ff-4fed-ba2f-c190034b6291,임진우,Female,21,2002-11-02,시흥 강남구 176길 53
24f44b7f-949f-420f-971f-c8dc1256cfbe,안현우,Female,15,2009-01-31,포항 동대문구 170길 2
9041198c-f1e4-4f9d-befa-d8b91cf8d1ac,구가영,Male,52,1972-07-20,구리 금천구 43길 9
ac359f30-b16d-4a43-af36-53c6856a4103,신희원,Male,15,2009-02-03,양양 동대문구 165길 48
e6f042fc-7744-45de-adf4-2b4a0221fbc7,오예린,Male,22,2002-05-15,서울 영등포구 181길 129
9cb00933-d909-498c-9e8c-4ff185174dbb,정지호,Male,26,1998-05-09,인천 영등포구 62길 158
69921588-d5fe-450d-9a53-1be4588b605d,민민준,Male,53,1971-09-29,전주 광진구 171길 134
d781a75f-253c-48ca-8264-7a6447676be8,박보민,Male,40,1984-07-21,포항 도봉구 79길 115
ff39321d-0722-4080-930e-994fdbb4adf8,길가은,Female,32,1992-08-03,안산 중랑구 121길 88
7a141f9a-5411-42d4-97c6-3137cfe9aabb,표현우,Male,29,1995-01-16,수원 노원구 69길 142
465a35fb-bf53-410c-9c9b-79cc799b4289,한예린,Female,23,2001-07-11,김해 송파구 33길 118
1c27c209-8a04-4256-a842-91abd6af2aed,이수정,Female,23,2000-12-14,안양 종로구 9길 51
ce1a8ae1-45c9-4a9e-94a6-7c5f211871a9,오희원,Female,32,1992-11-13,춘천 서대문구 146길 107
82e92350-fae5-42b5-8486-c110d40e6c74,방서윤,Male,31,1993-08-17,거제 마포구 56길 83
6a797d17-20f1-4e2c-8c22-028c39d85b24,김나윤,Female,32,1992-08-03,남양주 광진구 92길 95
2af1dcc1-a2d9-498e-af06-a7910116103c,성보민,Female,33,1991-06-14,문산 중랑구 61길 99
5fd35c3e-a30b-4919-b485-5667e8f050fb,표윤아,Male,55,1969-02-05,용인 강남구 66길 21
866be40f-80aa-4ca8-8139-8ac013302ded,성소율,Female,49,1975-10-29,거제 금천구 138길 191
230897aa-8de3-48b2-ab66-66a4eec00d4b,방도윤,Female,51,1973-05-21,남양주 송파구 6길 192
cda26eb2-7b8b-4726-a6db-57a59a31537a,안윤아,Female,26,1998-05-04,춘천 서대문구 119길 133
125793d5-14dd-49b0-a539-e996e573015f,서지안,Female,32,1991-11-01,상주 강동구 193길 5
2dad4320-5cc0-4946-bc9b-7e861160df4d,배보민,Female,40,1984-11-13,전주 관악구 14길 177
995f9bd8-d7b2-4a8a-ad0d-e07a61c59ee9,변하준,Male,62,1962-05-27,강릉 동작구 55길 171
b39e4356-2d7a-4bc3-a738-f8129cba951b,차하준,Female,64,1960-10-31,대전 서대문구 198길 68
8f51510a-24c0-4b0c-894d-d47eee7f2ce1,전서준,Female,54,1970-06-19,이천 강서구 117길 28
742ef02d-073d-49ae-ab85-21a37af058f2,기소율,Female,47,1977-03-22,진주 도봉구 58길 90
5053327a-8b7c-4139-b14c-4c69ce02569b,신유빈,Female,15,2009-03-19,제주 동대문구 87길 51
fc28a87c-2f9a-43b6-a5d6-4154cb4778a7,김소율,Male,22,2002-02-04,진주 노원구 160길 103
24c2d51f-71fe-41a2-a24f-3f3675c21a40,강수아,Female,20,2004-08-05,홍천 강북구 69길 46
ead9b0a3-c39c-4cc6-a7dd-a3432cfb8aa4,송지유,Female,39,1985-09-19,울산 도봉구 174길 194
cc5673aa-c33d-4788-9434-16a277cc1210,서지민,Male,63,1961-02-09,울산 관악구 172길 76
00c8ec57-2bfa-458c-9c6c-289163c621d0,목수빈,Male,46,1978-11-04,울산 광진구 139길 182
582bb6ce-ab68-4037-b3e4-8b348d12293e,류주원,Male,55,1969-01-03,양양 광진구 170길 32
50440180-bc9f-4735-a315-51bbf863b47f,기주원,Male,24,2000-09-27,계룡 성북구 60길 25
fda5ea41-10fd-4ed4-9075-cbda8dec4e30,김유진,Male,41,1983-10-20,속초 송파구 93길 185
d5252140-8d47-4963-b1f8-d8324b1eb085,여수아,Male,34,1990-03-22,하남 송파구 119길 142
96f4aa17-b838-4e9e-b41e-9b96b1d7f223,염주원,Male,46,1978-09-10,홍천 동대문구 186길 19
2884a4b8-2924-4de3-8375-e95907f86788,염소율,Male,46,1978-01-09,창녕 강북구 121길 25
12d2b164-04d9-46f3-acc1-6417a6184834,임다은,Male,62,1962-09-14,김해 서대문구 161길 41
d6184b79-7036-4877-a2b8-c7cb3a97ba43,송수아,Female,34,1990-11-16,인천 중구 18길 44
3a5e86fa-eb56-4e3e-9891-82ccf0ecb820,황보람,Female,16,2008-02-05,고양 용산구 114길 69
86a1b88b-15c4-4d4a-85a4-4e727ec1b0a6,채서준,Female,23,2001-01-04,천안 서초구 131길 81
8d9161ab-5a92-4b4d-a424-d8ef7913c62c,김윤서,Female,51,1973-10-21,상주 서대문구 29길 3
452630cd-b23f-439c-92c7-950038356a2f,함지안,Female,61,1963-08-02,광주 양천구 1길 49
ee513919-2be7-4c2a-a1bf-5a950fe6a7fa,송은지,Male,55,1969-06-13,포항 강북구 184길 48
9d07ce3a-b522-4fb1-929e-faad74d6947f,채서연,Male,15,2009-07-10,사천 성동구 141길 10
97137adf-f076-470c-bff1-43f6132b2c04,표서준,Male,26,1998-11-11,양양 은평구 137길 169
26478a8a-0823-41c7-98e8-d6e2f187c3d0,길나윤,Male,49,1975-10-13,하남 관악구 34길 179
b792972e-aacb-4e35-b4a0-47e045670d77,이하준,Female,21,2003-08-28,대구 영등포구 120길 109
8649a1b8-2d27-41e7-b6f9-35fb052bbd7d,구가은,Male,27,1997-02-25,대전 송파구 163길 25
2ae21909-0448-4cb9-a4e6-384ea693d176,진보민,Female,44,1980-04-27,창녕 성동구 53길 112
27140d2e-6bed-4855-a601-2c27534b0aaf,윤민준,Male,28,1996-01-21,문산 마포구 199길 194
1256c90e-f41b-404f-9518-1d8fa59c07b3,최수빈,Male,38,1986-05-06,계룡 용산구 6길 157
2c8dc9f8-3335-49bd-b6e4-8a61f874dbdd,오다은,Male,36,1987-11-02,안산 구로구 77길 49
dda04107-2778-404f-85dd-796696927437,안경민,Female,49,1975-04-05,성주 성북구 176길 125
f394eb6d-9348-430c-be9c-857c72d897cf,탁지혜,Male,43,1981-03-29,계룡 강북구 187길 45
4accda0a-038a-40fc-9aac-71acf9fe3561,안서준,Male,62,1962-02-19,수원 강동구 86길 189
9148cb94-721c-41fc-9222-4c5e88977f84,배하린,Female,59,1964-12-22,남양주 서대문구 82길 108
e80b4fac-1bba-4cba-9ccc-c2af6578150c,여상우,Male,63,1961-03-16,성남 구로구 57길 15
f1a484b6-06cc-4603-849f-e167c1b8bced,성재원,Female,38,1986-04-15,사천 서초구 123길 19
48eb40d3-757d-4a7a-9e82-9acad9c8c0c9,박민준,Male,56,1968-02-08,여수 성동구 134길 69
136b051a-ce5a-4027-ab64-bf5c7cfc4f72,황가은,Female,19,2005-07-11,천안 관악구 126길 56
823def49-6dd9-40d1-a273-f62a2d5574c7,오수정,Female,51,1973-08-16,하남 중랑구 83길 28
cb90f20b-73b0-4365-878f-7e8876d9c707,안유빈,Female,16,2008-07-23,양양 송파구 138길 82
72ed7568-c3de-4709-a7c5-eb072c6922c1,윤하준,Male,37,1987-05-07,양양 서초구 101길 20
38c965bc-eb0f-4837-a511-4cfd328d4019,표유빈,Male,21,2003-01-22,포항 강서구 21길 124
2dd7d4a2-8958-44a1-9eae-ae5f89c059eb,소민준,Male,36,1988-11-25,창원 마포구 145길 21
6f25f679-8ee4-404f-897a-ce6b87315838,김찬희,Male,51,1973-07-02,강릉 용산구 28길 171
32abad7c-1d35-4947-9a1e-e4dd1a5cc94d,진하린,Female,30,1994-11-25,양양 성북구 51길 159
2c890aac-eb75-422a-92c8-46ef8833938d,서주원,Female,46,1978-03-17,창원 동대문구 169길 176
3a40f49d-6eee-4560-a739-eee885cd64d7,기정우,Male,24,2000-05-12,상주 서초구 56길 70
dbb98284-d358-4cf2-b4d7-504d8689f12a,황희원,Male,57,1967-05-16,평택 중랑구 187길 115
a5f2ae69-db99-45c0-9cee-79e54e075d2c,서은호,Female,34,1990-03-28,이천 노원구 86길 35
8dfceb6e-eec8-4307-8688-9c9578cc9bf9,기수아,Female,21,2003-06-22,김해 강북구 51길 2
560d0ac1-84ba-4ed7-8923-57b3e00d7efa,김경민,Female,21,2003-06-06,속초 마포구 35길 177
46936144-7636-4bee-a18b-8d9884bd5ef2,소보민,Male,59,1965-09-14,김해 중구 36길 64
6727b228-3511-41d7-bcc4-b1e36137e833,함도윤,Male,30,1994-09-04,여수 영등포구 197길 51
58d780bb-2235-4c7d-90a8-debcb34ea2c6,배현우,Female,40,1984-08-31,구미 강남구 105길 49
6c06858f-0e92-4f1b-a2e5-a16f91f5283d,박보람,Female,43,1981-04-15,포항 송파구 78길 60
504f6607-e90e-4827-a922-f87a2b0b3ad0,류희원,Male,43,1981-06-04,포항 양천구 96길 144
16ad1c26-3322-4bc5-baf2-b8dd77a10929,염유빈,Male,39,1985-01-09,고양 중구 177길 183
2379d9d5-b3e4-4d1e-b380-0a77db11fb3a,김유진,Female,55,1969-09-03,부산 송파구 100길 194
9ad41fca-86c9-4885-b387-4264e6996941,이진우,Female,51,1973-05-27,문산 노원구 97길 79
96615d18-ca3a-45ed-8155-c65b5e6ea1c2,설서진,Female,54,1970-03-26,성주 광진구 27길 123
7f9654f4-a50c-419f-a002-287851301768,강하영,Female,47,1977-07-10,사천 강남구 144길 42
ef1c12f1-a3e4-4e77-839f-d8acab2b3a64,박소율,Female,63,1960-12-24,양주 용산구 127길 76
894b4037-a406-4267-a1ef-6e54dd898e8b,김은호,Female,46,1978-04-26,시흥 서대문구 66길 157
50fed39a-95d5-4671-9b19-6f5709c36acb,염유진,Male,50,1974-08-31,구미 중구 32길 60
25445b87-3eb9-4b94-9ef7-d0bdb6c3da9c,길가영,Male,17,2007-07-24,문산 성동구 81길 73
d595e4c6-c6de-457a-a098-ca14ea7490ff,염서준,Female,37,1986-12-02,춘천 강동구 23길 108
e04ccca6-5c1b-44a6-9941-9d00d449a5dd,윤서진,Male,14,2009-12-11,전주 서초구 22길 74
c0672270-8f7f-431e-a0c8-3b18846558a6,채윤아,Male,35,1988-12-01,고양 성동구 71길 112
becf6eec-bff9-4481-ad14-ac5e9519ee65,엄소율,Female,27,1997-09-17,남양주 성동구 66길 138
64e25159-3965-401d-9e0b-21601b1fdcbd,방지민,Male,13,2010-12-22,창원 서초구 142길 174
688216dc-8591-4323-b0b0-7b3b70d7fa35,서희원,Male,40,1984-07-04,광명 중랑구 164길 180
594bfe7d-8254-4597-a32e-b65dcb0303d0,민하준,Male,62,1962-01-29,용인 중랑구 21길 18
dab8a894-c6e1-4a02-8dab-3d050b934550,장지혜,Male,21,2003-04-14,성주 영등포구 136길 99
412cc7c4-c6b8-42de-a427-ec96aa32ed54,설서윤,Female,33,1991-11-08,부산 금천구 4길 54
caa0ca6e-f661-4810-b37b-5110a6521a18,최서진,Female,60,1964-02-03,대전 광진구 56길 124
d32482a5-129c-4e99-96fc-84ba9068571b,황하린,Male,27,1997-10-19,성남 영등포구 7길 128
19f29b01-39e2-4fbb-9325-4343a4ce069a,유지유,Female,48,1976-04-25,문산 노원구 63길 161
cb6954eb-0ab5-4956-82d8-388c788238e1,노하린,Female,32,1992-03-26,김해 강남구 198길 84
df95157c-2a66-4127-a913-6d0c64344e11,추은호,Female,58,1966-08-11,천안 강남구 77길 30
f538dee7-dd88-4286-a8ec-83ff5efe79e7,박수아,Female,64,1960-02-07,홍천 성북구 134길 2
992f603b-5bad-4a5f-9ded-031630bb75ad,변예린,Male,31,1993-06-28,춘천 강북구 33길 131
f7c75252-9124-44e9-b124-bcd5be7c9e72,탁은호,Male,16,2008-04-14,수원 용산구 56길 22
ab6ab961-f17e-49b7-b963-3666871cb31b,윤소율,Male,28,1996-05-19,문산 구로구 77길 37
c42059d3-747e-40a4-895c-0f28316eaef8,한서현,Male,50,1974-04-17,김해 마포구 90길 169
628340c2-afba-4817-815a-f272660ff226,안주원,Female,37,1987-02-07,성남 중랑구 39길 191
d9853e9e-a032-4b59-aaa1-bac57ec6bad1,강하준,Male,53,1971-07-28,대구 종로구 21길 141
c6f50a72-cf97-466e-a614-ef2e10351b01,전수빈,Male,15,2009-02-20,평택 동작구 132길 91
7a88fbdf-6c80-4cbe-b8aa-ffcdb2a26a00,서서윤,Female,14,2010-09-13,춘천 서대문구 128길 51
ef9b8e4c-f795-44c4-be66-83a4faa5e6c3,소찬희,Male,26,1998-09-10,성주 노원구 104길 198
d222f7a1-3bb4-4ff5-9f03-9e0ee8519cf8,채윤아,Female,49,1975-10-11,용인 관악구 183길 161
d9687ee7-dd6a-4a77-b4c5-0617afa81cc1,소보민,Female,47,1977-09-08,전주 금천구 134길 179
d5269d43-5c63-42a2-a12c-cc7f67584949,황도윤,Male,25,1999-07-30,전주 동작구 188길 25
b5852fc4-d059-4798-b72b-d685536e4d5d,박지유,Male,36,1988-04-24,전주 강남구 142길 118
feb59d41-488b-409f-a3e3-1ab3d72ade5e,성선우,Female,32,1992-03-30,양양 강남구 176길 86